lam_center,lam_lo,lam_hi,width,depth_change
4410.13,4400.47,4419.78,19.32,-0.2461
4827.27,4824.90,4829.63,4.73,-0.1964
4550.74,4550.20,4551.29,1.09,-0.1581
4535.34,4534.84,4535.84,1.00,-0.1548
4390.85,4384.48,4397.21,12.73,-0.1450
4134.19,4128.73,4139.65,10.91,-0.1363
4287.62,4283.42,4291.82,8.40,-0.1328
4182.98,4172.73,4193.23,20.50,-0.1239
4482.50,4481.47,4483.53,2.06,-0.1213
6348.70,6347.94,6349.47,1.52,-0.1209
5057.54,5056.99,5058.10,1.11,-0.1192
4502.54,4502.22,4502.85,0.63,-0.1180
4516.65,4516.29,4517.01,0.72,-0.1170
4015.05,4013.29,4016.82,3.53,-0.1165
4299.81,4295.00,4304.63,9.63,-0.1130
4244.93,4233.93,4255.92,21.99,-0.1113
4581.43,4577.31,4585.55,8.25,-0.1106
5100.46,5098.32,5102.60,4.28,-0.1093
4050.71,4042.53,4058.90,16.36,-0.1090
4557.67,4555.12,4560.22,5.10,-0.1070
4315.14,4313.76,4316.53,2.76,-0.1062
4492.60,4489.36,4495.83,6.47,-0.1059
4541.97,4540.83,4543.11,2.27,-0.1057
5317.33,5314.78,5319.88,5.10,-0.1056
4949.28,4944.38,4954.18,9.80,-0.1032
4912.54,4908.22,4916.86,8.65,-0.1025
6158.79,6157.25,6160.33,3.08,-0.0972
4031.11,4022.93,4039.30,16.37,-0.0949
5228.43,5226.55,5230.31,3.76,-0.0941
5171.13,5167.61,5174.65,7.03,-0.0901
4309.11,4308.76,4309.45,0.69,-0.0897
7898.40,7897.85,7898.96,1.11,-0.0891
6457.10,6455.23,6458.98,3.75,-0.0889
6373.13,6372.62,6373.64,1.02,-0.0879
3514.47,3501.22,3527.72,26.50,-0.0873
4070.36,4062.79,4077.94,15.14,-0.0866
4620.40,4617.58,4623.22,5.64,-0.0854
4509.57,4509.25,4509.88,0.63,-0.0853
4436.52,4434.93,4438.12,3.19,-0.0846
4523.88,4521.17,4526.60,5.43,-0.0844
5042.59,5041.94,5043.25,1.31,-0.0837
4637.29,4635.07,4639.52,4.45,-0.0821
5005.92,5002.67,5009.17,6.51,-0.0814
5368.57,5364.00,5373.13,9.13,-0.0814
6249.25,6248.81,6249.68,0.87,-0.0811
4703.71,4702.67,4704.74,2.07,-0.0810
4573.23,4572.91,4573.56,0.64,-0.0808
4269.40,4259.16,4279.65,20.49,-0.0803
9064.09,9062.55,9065.63,3.08,-0.0798
4814.49,4812.09,4816.90,4.81,-0.0792
4567.20,4564.69,4569.71,5.02,-0.0791
5263.02,5248.23,5277.81,29.58,-0.0790
4591.43,4589.13,4593.72,4.59,-0.0778
9265.99,9262.84,9269.14,6.30,-0.0778
9408.66,9407.72,9409.60,1.88,-0.0774
9114.36,9113.81,9114.90,1.09,-0.0769
9079.52,9077.79,9081.24,3.45,-0.0761
9091.05,9090.51,9091.60,1.09,-0.0760
4671.22,4667.72,4674.73,7.01,-0.0760
5980.54,5980.18,5980.90,0.72,-0.0758
9097.33,9096.69,9097.97,1.27,-0.0754
4958.93,4958.54,4959.33,0.79,-0.0749
4005.03,4002.95,4007.11,4.17,-0.0738
4145.86,4144.45,4147.27,2.82,-0.0737
4163.81,4162.48,4165.14,2.66,-0.0734
4218.59,4216.44,4220.74,4.30,-0.0728
5191.66,5178.17,5205.16,27.00,-0.0726
5329.04,5325.42,5332.66,7.25,-0.0717
7004.00,7003.51,7004.49,0.98,-0.0710
5536.38,5535.99,5536.77,0.78,-0.0689
5020.66,5016.99,5024.32,7.33,-0.0678
9395.41,9394.94,9395.88,0.94,-0.0674
4454.13,4451.45,4456.80,5.34,-0.0665
4892.63,4889.99,4895.28,5.28,-0.0665
7775.76,7773.58,7777.93,4.35,-0.0661
4227.88,4226.15,4229.61,3.47,-0.0658
8914.51,8914.07,8914.96,0.89,-0.0655
5958.81,5954.04,5963.58,9.53,-0.0651
4372.48,4368.64,4376.33,7.70,-0.0650
4732.77,4732.49,4733.05,0.57,-0.0643
4202.00,4196.42,4207.59,11.18,-0.0638
7879.23,7878.76,7879.71,0.95,-0.0624
3534.21,3531.60,3536.83,5.23,-0.0609
8929.59,8928.88,8930.31,1.43,-0.0604
5403.95,5402.01,5405.90,3.89,-0.0599
4429.25,4428.99,4429.52,0.53,-0.0599
4658.35,4658.02,4658.67,0.65,-0.0598
5236.70,5233.87,5239.52,5.66,-0.0595
9389.39,9388.93,9389.86,0.94,-0.0592
4922.92,4920.21,4925.62,5.42,-0.0590
4806.41,4806.12,4806.70,0.58,-0.0582
6242.50,6239.82,6245.19,5.37,-0.0572
4628.95,4627.01,4630.90,3.89,-0.0552
8215.98,8212.94,8219.02,6.08,-0.0551
4466.57,4460.28,4472.87,12.60,-0.0549
8809.24,8808.80,8809.68,0.88,-0.0542
4598.41,4596.85,4599.97,3.13,-0.0539
9415.91,9414.87,9416.95,2.07,-0.0534
4445.36,4444.78,4445.94,1.16,-0.0531
4664.36,4664.08,4664.64,0.56,-0.0526
6150.18,6149.13,6151.22,2.09,-0.0519
4993.37,4991.67,4995.07,3.40,-0.0519
5305.17,5300.23,5310.10,9.87,-0.0519
8714.09,8713.65,8714.52,0.87,-0.0515
5034.58,5031.76,5037.40,5.64,-0.0511
7951.98,7949.36,7954.60,5.25,-0.0502
8203.99,8203.58,8204.40,0.82,-0.0496
5217.77,5215.27,5220.28,5.01,-0.0495
5285.47,5284.99,5285.94,0.95,-0.0494
4801.66,4801.13,4802.18,1.06,-0.0492
5338.85,5336.18,5341.52,5.34,-0.0484
6418.67,6418.41,6418.93,0.51,-0.0481
8631.61,8631.26,8631.95,0.69,-0.0478
8822.81,8822.37,8823.25,0.88,-0.0478
7470.34,7469.97,7470.72,0.75,-0.0477
5152.25,5140.61,5163.89,23.29,-0.0476
6505.84,6505.52,6506.17,0.65,-0.0476
5053.55,5053.25,5053.85,0.61,-0.0472
4380.45,4379.75,4381.15,1.40,-0.0462
4168.44,4168.23,4168.64,0.42,-0.0462
7713.80,7713.49,7714.11,0.62,-0.0452
8705.64,8705.29,8705.99,0.70,-0.0440
5508.00,5503.32,5512.68,9.36,-0.0435
3544.19,3542.00,3546.39,4.39,-0.0430
8721.23,8720.80,8721.67,0.87,-0.0429
4934.60,4930.45,4938.74,8.29,-0.0428
5467.99,5467.22,5468.75,1.53,-0.0426
5529.96,5528.25,5531.68,3.43,-0.0421
9189.86,9189.40,9190.32,0.92,-0.0420
9180.13,9178.01,9182.24,4.22,-0.0413
4739.69,4737.98,4741.39,3.41,-0.0405
5281.45,5281.19,5281.71,0.53,-0.0403
7464.44,7464.14,7464.74,0.60,-0.0398
6514.50,6510.86,6518.15,7.30,-0.0398
7158.72,7158.43,7159.00,0.57,-0.0397
4782.73,4781.10,4784.35,3.25,-0.0396
5617.19,5616.96,5617.41,0.45,-0.0395
6319.63,6319.31,6319.95,0.63,-0.0394
9134.98,9134.61,9135.34,0.73,-0.0388
5383.35,5381.63,5385.07,3.45,-0.0387
5293.14,5292.92,5293.35,0.42,-0.0386
4969.56,4968.56,4970.55,1.99,-0.0384
5431.91,5425.29,5438.54,13.25,-0.0381
5095.01,5094.75,5095.26,0.51,-0.0380
5489.14,5488.81,5489.47,0.66,-0.0375
8224.69,8223.62,8225.76,2.14,-0.0374
4153.25,4150.43,4156.07,5.65,-0.0369
5397.36,5397.15,5397.58,0.43,-0.0368
5388.57,5388.30,5388.84,0.54,-0.0365
7444.32,7444.02,7444.61,0.60,-0.0363
9125.48,9125.12,9125.85,0.73,-0.0360
4530.31,4529.68,4530.95,1.27,-0.0359
5074.67,5071.98,5077.36,5.38,-0.0353
7256.38,7256.02,7256.74,0.73,-0.0353
9299.69,9299.22,9300.15,0.93,-0.0351
8188.09,8185.55,8190.63,5.08,-0.0350
5416.61,5416.29,5416.94,0.65,-0.0350
5128.69,5126.54,5130.85,4.31,-0.0332
5588.95,5588.05,5589.84,1.79,-0.0328
5781.78,5781.54,5782.01,0.46,-0.0322
7425.65,7425.43,7425.88,0.45,-0.0321
5479.21,5478.28,5480.14,1.86,-0.0320
7044.03,7043.82,7044.24,0.42,-0.0316
4837.51,4837.37,4837.66,0.29,-0.0316
7116.25,7113.33,7119.17,5.84,-0.0314
5064.78,5062.96,5066.60,3.65,-0.0308
4984.94,4983.79,4986.08,2.29,-0.0303
5457.01,5456.74,5457.28,0.55,-0.0302
9206.42,9206.33,9206.51,0.18,-0.0293
6176.93,6176.74,6177.11,0.37,-0.0292
5483.81,5483.65,5483.98,0.33,-0.0289
9485.47,9485.18,9485.75,0.57,-0.0287
6385.51,6385.38,6385.63,0.26,-0.0287
6484.02,6483.83,6484.22,0.39,-0.0286
5904.42,5904.24,5904.59,0.35,-0.0285
5992.99,5992.87,5993.11,0.24,-0.0283
8197.10,8196.86,8197.35,0.49,-0.0280
7310.06,7309.91,7310.20,0.29,-0.0280
5047.89,5046.48,5049.31,2.83,-0.0279
4757.06,4756.87,4757.25,0.38,-0.0278
4900.76,4899.88,4901.64,1.76,-0.0277
7226.40,7226.18,7226.62,0.43,-0.0276
4751.74,4750.41,4753.07,2.66,-0.0274
5546.08,5545.63,5546.52,0.89,-0.0274
4978.41,4978.21,4978.61,0.40,-0.0272
4792.11,4791.92,4792.30,0.38,-0.0266
4477.30,4477.17,4477.44,0.27,-0.0266
6434.48,6434.35,6434.61,0.26,-0.0266
6924.05,6923.84,6924.26,0.42,-0.0265
7515.22,7515.07,7515.37,0.30,-0.0265
5083.61,5083.45,5083.76,0.31,-0.0258
7058.70,7058.49,7058.91,0.42,-0.0252
6333.74,6333.61,6333.87,0.25,-0.0252
5579.56,5579.34,5579.79,0.45,-0.0249
5785.65,5785.13,5786.17,1.04,-0.0247
4764.97,4763.73,4766.21,2.48,-0.0246
5646.30,5645.46,5647.15,1.69,-0.0244
9048.34,9048.06,9048.61,0.54,-0.0244
6048.08,6047.90,6048.26,0.36,-0.0241
5659.53,5659.36,5659.70,0.34,-0.0241
6907.52,6907.38,6907.66,0.28,-0.0239
6307.07,6306.94,6307.19,0.25,-0.0237
4774.08,4772.98,4775.18,2.20,-0.0236
5089.66,5088.54,5090.78,2.24,-0.0235
6884.21,6884.08,6884.35,0.28,-0.0234
5712.64,5711.78,5713.49,1.71,-0.0229
7417.86,7417.71,7418.01,0.30,-0.0227
6014.79,6014.61,6014.97,0.36,-0.0227
5134.65,5134.03,5135.26,1.23,-0.0222
5209.90,5209.74,5210.06,0.31,-0.0219
5815.29,5815.17,5815.41,0.23,-0.0217
5493.80,5493.64,5493.97,0.33,-0.0216
6423.42,6423.29,6423.55,0.26,-0.0211
7322.64,7322.49,7322.79,0.29,-0.0210
9052.41,9052.23,9052.59,0.36,-0.0205
5409.14,5409.04,5409.25,0.22,-0.0205
5028.39,5028.24,5028.55,0.30,-0.0203
5550.52,5550.40,5550.63,0.22,-0.0202
4211.55,4211.47,4211.63,0.17,-0.0200
