star,grating,family,sampling,beta,box,cont_rms,core_mean,core_peak,core_rms,extra_fwhm,frac2,fwhm,fwhm1,fwhm2,kernel_fwhm_A,n_core,n_par,n_pix,rms,shift_A,wing_10A,wing_20A,wing_4px
HD143459,G430L,stis,rebin,,,0.92929,8.84592,18.11585,11.03976,,,,,,4.0404,35,0,674,2.6735,-0.0448,0.0,0.0,0.0
HD143459,G430L,stis_gauss,rebin,,,0.8325,0.15563,-10.76186,2.66977,5.5231,,,,,7.2772,35,1,674,1.01351,-0.0553,0.00209,0.0,0.00074
HD143459,G430L,stis_tophat,rebin,,7.7605,0.86162,0.33558,-10.26394,2.80029,,,,,,8.1531,35,1,674,1.05406,-0.0553,0.00056,0.0,8e-05
HD143459,G430L,stis05,rebin,,,0.74268,3.0935,-13.43366,5.04622,,,,,,4.0432,35,0,674,1.3584,-0.0703,0.02556,0.0,0.01794
HD143459,G430L,stis2,rebin,,,1.14091,-1.99666,-13.67485,4.65126,,,,,,4.0453,35,0,674,1.53542,-0.072,0.08753,0.04046,0.08038
HD143459,G430L,stis2_gauss,rebin,,,1.14092,-1.99699,-13.67529,4.65126,0.05,,,,,4.0462,35,1,674,1.53543,-0.0719,0.08753,0.04046,0.08038
HD143459,G430L,stis2_tophat,rebin,,0.0501,1.1409,-1.99668,-13.67448,4.6513,,,,,,4.0453,35,1,674,1.53542,-0.0721,0.08753,0.04046,0.08038
HD143459,G430L,gauss,rebin,,,0.83902,0.15869,-10.64333,2.77913,,,7.3081,,,7.3082,35,1,674,1.03367,-0.0161,0.00127,0.0,0.00041
HD143459,G430L,moffat,rebin,2.0552,,0.73572,-0.01903,-12.07995,2.68179,,,5.3391,,,5.3393,35,2,674,0.94162,-0.015,0.02313,0.00308,0.01788
HD143459,G430L,gauss2,rebin,,,0.73742,-0.04798,-11.23618,2.51926,,0.04,,6.609,64.1428,6.6294,35,3,674,0.91931,-0.0133,0.02879,0.0184,0.02747
HD143459,G430L,gauss_tophat,rebin,,0.1542,0.83902,0.15899,-10.64315,2.77917,,,7.3073,,,7.3081,35,2,674,1.03367,-0.0161,0.00127,0.0,0.00041
HD143459,G430L,stis,interp,,,0.96378,10.26893,21.39486,12.8327,,,,,,4.0404,35,0,674,3.07118,-0.0415,0.0,0.0,0.0
HD143459,G430L,stis_gauss,interp,,,0.83217,0.15552,-10.76596,2.66905,5.8323,,,,,7.5315,35,1,674,1.01315,-0.0556,0.00277,0.0,0.00104
HD143459,G430L,stis_tophat,interp,,8.1443,0.87056,0.38775,-10.10674,2.85305,,,,,,8.4815,35,1,674,1.06828,-0.0556,0.00073,0.0,0.00012
HD143459,G430L,stis05,interp,,,0.75997,4.16914,-13.98303,6.30353,,,,,,4.0432,35,0,674,1.61584,-0.066,0.02556,0.0,0.01794
HD143459,G430L,stis2,interp,,,1.15899,-1.12843,-14.18007,4.64892,,,,,,4.0453,35,0,674,1.54784,-0.0678,0.08753,0.04046,0.08038
HD143459,G430L,stis2_gauss,interp,,,1.14607,-1.73194,-13.83713,4.61938,1.554,,,,,4.4481,35,1,674,1.53407,-0.0701,0.08768,0.04051,0.08053
HD143459,G430L,stis2_tophat,interp,,2.3341,1.14529,-1.76037,-13.81314,4.61847,,,,,,4.4966,35,1,674,1.53337,-0.0704,0.08768,0.04051,0.08053
HD143459,G430L,gauss,interp,,,0.83867,0.16023,-10.64741,2.7784,,,7.544,,,7.5441,35,1,674,1.0333,-0.0162,0.0018,0.0,0.00061
HD143459,G430L,moffat,interp,2.2302,,0.73781,-0.021,-12.10589,2.68881,,,5.7443,,,5.7445,35,2,674,0.9442,-0.015,0.02284,0.00254,0.01731
HD143459,G430L,gauss2,interp,,,0.7374,-0.049,-11.23954,2.51869,,0.0398,,6.8731,64.9753,6.8945,35,3,674,0.91921,-0.0136,0.02897,0.01849,0.0275
HD143459,G430L,gauss_tophat,interp,,0.1545,0.83868,0.15925,-10.64724,2.77833,,,7.5436,,,7.5444,35,2,674,1.0333,-0.0162,0.0018,0.0,0.00061
HD143459,G750L,stis,rebin,,,1.12204,2.65693,2.65693,2.65693,,,,,,8.0898,1,0,480,1.12742,-0.752,0.02536,0.0,0.0
HD143459,G750L,stis_gauss,rebin,,,0.97243,-3.81343,-3.81343,3.81343,9.7015,,,,,13.4911,1,1,480,0.98688,-0.8372,0.09188,0.00079,0.00107
HD143459,G750L,stis_tophat,rebin,,13.4944,0.97864,-3.79401,-3.79401,3.79401,,,,,,14.6415,1,1,480,0.99284,-0.8422,0.07972,8e-05,0.00014
HD143459,G750L,stis05,rebin,,,0.99183,-0.78935,-0.78935,0.78935,,,,,,8.0945,1,0,480,0.99145,-0.799,0.09263,0.01274,0.01404
HD143459,G750L,stis2,rebin,,,0.97269,-3.39271,-3.39271,3.39271,,,,,,8.0945,1,0,480,0.98394,-0.818,0.13861,0.06272,0.06398
HD143459,G750L,stis2_gauss,rebin,,,0.97262,-3.40117,-3.40117,3.40117,0.3527,,,,,8.1092,1,1,480,0.98393,-0.8182,0.13865,0.0627,0.06396
HD143459,G750L,stis2_tophat,rebin,,0.5503,0.97261,-3.40218,-3.40218,3.40218,,,,,,8.1109,1,1,480,0.98392,-0.8182,0.13865,0.0627,0.06396
HD143459,G750L,gauss,rebin,,,0.97336,-3.89038,-3.89038,3.89038,,,13.8768,,,13.8769,1,1,480,0.98843,-0.7985,0.08971,0.00069,0.00092
HD143459,G750L,moffat,rebin,1.6997,,0.95527,-3.07167,-3.07167,3.07167,,,9.3319,,,9.332,1,2,480,0.96452,-0.7615,0.12044,0.0282,0.0298
HD143459,G750L,gauss2,rebin,,,0.95327,-3.21308,-3.21308,3.21308,,0.175,,10.3981,36.6436,10.8001,1,3,480,0.96351,-0.7629,0.11048,0.03477,0.03668
HD143459,G750L,gauss_tophat,rebin,,0.1424,0.97336,-3.89036,-3.89036,3.89036,,,13.8764,,,13.8769,1,2,480,0.98843,-0.7985,0.08971,0.00069,0.00092
HD143459,G750L,stis,interp,,,1.15902,3.88219,3.88219,3.88219,,,,,,8.0898,1,0,480,1.1713,-0.7435,0.02536,0.0,0.0
HD143459,G750L,stis_gauss,interp,,,0.97239,-3.8109,-3.8109,3.8109,10.2559,,,,,13.9322,1,1,480,0.98683,-0.837,0.10067,0.00111,0.00147
HD143459,G750L,stis_tophat,interp,,14.1961,0.98035,-3.83353,-3.83353,3.83353,,,,,,15.2021,1,1,480,0.99484,-0.8443,0.08641,0.00011,0.0002
HD143459,G750L,stis05,interp,,,1.01084,0.22778,0.22778,0.22778,,,,,,8.0945,1,0,480,1.00984,-0.7875,0.09263,0.01274,0.01404
HD143459,G750L,stis2,interp,,,0.98043,-2.48664,-2.48664,2.48664,,,,,,8.0945,1,0,480,0.98596,-0.808,0.13861,0.06272,0.06398
HD143459,G750L,stis2_gauss,interp,,,0.97341,-3.26615,-3.26615,3.26615,3.1122,,,,,8.9087,1,1,480,0.98376,-0.8173,0.14254,0.06261,0.06391
HD143459,G750L,stis2_tophat,interp,,4.5896,0.97323,-3.2847,-3.2847,3.2847,,,,,,8.9739,1,1,480,0.98371,-0.8176,0.14253,0.06259,0.0639
HD143459,G750L,gauss,interp,,,0.97332,-3.88768,-3.88768,3.88768,,,14.2698,,,14.27,1,1,480,0.98837,-0.7977,0.0989,0.00097,0.00127
HD143459,G750L,moffat,interp,1.7106,,1.01044,-2.14881,-2.14881,2.14881,,,9.7526,,,9.7527,1,2,480,1.01414,0.0028,0.12933,0.03052,0.03225
HD143459,G750L,gauss2,interp,,,0.95327,-3.21208,-3.21208,3.21208,,0.1745,,10.9268,36.8193,11.3619,1,3,480,0.9635,-0.7638,0.11691,0.03507,0.03698
HD143459,G750L,gauss_tophat,interp,,0.1552,0.97333,-3.88724,-3.88724,3.88724,,,14.2691,,,14.2696,1,2,480,0.98837,-0.7977,0.0989,0.00097,0.00127
HD194453,G430L,stis,rebin,,,0.82026,6.64024,16.24498,8.51374,,,,,,4.0404,38,0,674,2.17291,-0.2358,0.0,0.0,0.0
HD194453,G430L,stis_gauss,rebin,,,0.68865,0.11614,4.41042,2.08425,4.9637,,,,,6.8238,38,1,674,0.83212,-0.2309,0.0012,0.0,0.00037
HD194453,G430L,stis_tophat,rebin,,6.9826,0.70925,0.32969,4.87421,2.30551,,,,,,7.507,38,1,674,0.87997,-0.231,0.0003,0.0,4e-05
HD194453,G430L,stis05,rebin,,,0.65318,1.41727,6.32686,2.62908,,,,,,4.0432,38,0,674,0.89011,-0.2515,0.02556,0.0,0.01794
HD194453,G430L,stis2,rebin,,,1.02412,-3.21474,-7.87847,4.00902,,,,,,4.0453,38,0,674,1.37689,-0.256,0.08753,0.04046,0.08038
HD194453,G430L,stis2_gauss,rebin,,,1.02401,-3.21544,-7.88227,4.00969,0.05,,,,,4.0462,38,1,674,1.37693,-0.2564,0.08753,0.04046,0.08038
HD194453,G430L,stis2_tophat,rebin,,0.0501,1.02403,-3.21508,-7.88171,4.0094,,,,,,4.0453,38,1,674,1.3769,-0.2564,0.08753,0.04046,0.08038
HD194453,G430L,gauss,rebin,,,0.69623,0.12424,4.94551,2.2704,,,6.895,,,6.8951,38,1,674,0.86488,-0.1905,0.00064,0.0,0.00018
HD194453,G430L,moffat,rebin,1.7169,,0.61494,-0.30611,3.67482,1.27072,,,4.558,,,4.5582,38,2,674,0.66923,-0.1916,0.02676,0.00516,0.02163
HD194453,G430L,gauss2,rebin,,,0.6203,-0.21487,3.18812,1.2614,,0.0974,,5.6405,24.9357,5.7331,38,3,674,0.6729,-0.1926,0.03364,0.00574,0.02924
HD194453,G430L,gauss_tophat,rebin,,0.0595,0.69622,0.12382,4.94484,2.27043,,,6.895,,,6.8952,38,2,674,0.86488,-0.1904,0.00064,0.0,0.00018
HD194453,G430L,stis,interp,,,0.87371,7.88949,19.98408,10.14261,,,,,,4.0404,38,0,674,2.55348,-0.232,0.0,0.0,0.0
HD194453,G430L,stis_gauss,interp,,,0.68821,0.11679,4.40239,2.08151,5.3056,,,,,7.0999,38,1,674,0.83138,-0.2303,0.0017,0.0,0.00057
HD194453,G430L,stis_tophat,interp,,7.4181,0.71741,0.39209,5.05812,2.39188,,,,,,7.8654,38,1,674,0.89901,-0.2305,0.00043,0.0,6e-05
HD194453,G430L,stis05,interp,,,0.68837,2.35905,8.3239,3.8208,,,,,,4.0432,38,0,674,1.12703,-0.2504,0.02556,0.0,0.01794
HD194453,G430L,stis2,interp,,,1.05423,-2.45108,-7.40041,3.52984,,,,,,4.0453,38,0,674,1.32333,-0.2545,0.08753,0.04046,0.08038
HD194453,G430L,stis2_gauss,interp,,,1.05425,-2.45129,-7.39924,3.52981,0.05,,,,,4.0462,38,1,674,1.32334,-0.2544,0.08753,0.04046,0.08038
HD194453,G430L,stis2_tophat,interp,,0.0501,1.05428,-2.45087,-7.39836,3.52957,,,,,,4.0453,38,1,674,1.32333,-0.2543,0.08753,0.04046,0.08038
HD194453,G430L,gauss,interp,,,0.69579,0.12347,4.93769,2.26805,,,7.1456,,,7.1457,38,1,674,0.8642,-0.19,0.00098,0.0,0.0003
HD194453,G430L,moffat,interp,1.8551,,0.61527,-0.31283,3.83519,1.29453,,,4.9987,,,4.9988,38,2,674,0.67209,-0.1913,0.0262,0.00435,0.0208
HD194453,G430L,gauss2,interp,,,0.62019,-0.21532,3.18172,1.26068,,0.0968,,5.9504,25.1052,6.0513,38,3,674,0.67272,-0.1925,0.03377,0.00587,0.02936
HD194453,G430L,gauss_tophat,interp,,0.0608,0.69579,0.12417,4.93848,2.26804,,,7.1452,,,7.1455,38,2,674,0.8642,-0.1901,0.00098,0.0,0.0003
HD194453,G750L,stis,rebin,,,1.0183,5.19868,5.19868,5.19868,,,,,,8.0898,1,0,479,1.0446,-0.3315,0.02536,0.0,0.0
HD194453,G750L,stis_gauss,rebin,,,0.9159,-1.64474,-1.64474,1.64474,9.5319,,,,,13.357,1,1,479,0.91803,-0.3817,0.0893,0.00071,0.00096
HD194453,G750L,stis_tophat,rebin,,13.1714,0.92351,-1.59747,-1.59747,1.59747,,,,,,14.3875,1,1,479,0.92543,-0.3843,0.07682,6e-05,0.00012
HD194453,G750L,stis05,rebin,,,0.90746,1.60929,1.60929,1.60929,,,,,,8.0945,1,0,479,0.90948,-0.3655,0.09263,0.01274,0.01404
HD194453,G750L,stis2,rebin,,,0.89757,-1.09858,-1.09858,1.09858,,,,,,8.0945,1,0,479,0.89804,-0.382,0.13861,0.06272,0.06398
HD194453,G750L,stis2_gauss,rebin,,,0.89757,-1.09845,-1.09845,1.09845,0.0502,,,,,8.0951,1,1,479,0.89804,-0.3818,0.13861,0.06272,0.06398
HD194453,G750L,stis2_tophat,rebin,,0.051,0.89757,-1.09856,-1.09856,1.09856,,,,,,8.0946,1,1,479,0.89804,-0.382,0.13861,0.06272,0.06398
HD194453,G750L,gauss,rebin,,,0.91775,-1.76271,-1.76271,1.76271,,,13.7726,,,13.7728,1,1,479,0.92032,-0.3415,0.08731,0.00063,0.00084
HD194453,G750L,moffat,rebin,1.4768,,0.88435,-0.39726,-0.39726,0.39726,,,8.3752,,,8.3753,1,2,479,0.88361,-0.3159,0.12347,0.03475,0.03645
HD194453,G750L,gauss2,rebin,,,0.88377,-0.32489,-0.32489,0.32489,,0.2833,,8.5123,30.0097,9.1252,1,3,479,0.88298,-0.3097,0.12665,0.03303,0.03556
HD194453,G750L,gauss_tophat,rebin,,0.1563,0.91775,-1.76253,-1.76253,1.76253,,,13.772,,,13.7726,1,2,479,0.92032,-0.3416,0.08731,0.00063,0.00084
HD194453,G750L,stis,interp,,,1.04456,6.60905,6.60905,6.60905,,,,,,8.0898,1,0,479,1.08629,-0.334,0.02536,0.0,0.0
HD194453,G750L,stis_gauss,interp,,,0.91584,-1.64023,-1.64023,1.64023,10.0944,,,,,13.8033,1,1,479,0.91795,-0.3811,0.09806,0.00101,0.00134
HD194453,G750L,stis_tophat,interp,,13.883,0.92586,-1.65272,-1.65272,1.65272,,,,,,14.9504,1,1,479,0.92797,-0.3859,0.08335,0.0001,0.00017
HD194453,G750L,stis05,interp,,,0.91791,2.78959,2.78959,2.78959,,,,,,8.0945,1,0,479,0.92576,-0.363,0.09263,0.01274,0.01404
HD194453,G750L,stis2,interp,,,0.89864,-0.04085,-0.04085,0.04085,,,,,,8.0945,1,0,479,0.8977,-0.378,0.13861,0.06272,0.06398
HD194453,G750L,stis2_gauss,interp,,,0.89773,-0.50596,-0.50596,0.50596,2.1963,,,,,8.5065,1,1,479,0.89709,-0.3789,0.14053,0.06263,0.06391
HD194453,G750L,stis2_tophat,interp,,3.2516,0.8977,-0.51723,-0.51723,0.51723,,,,,,8.5272,1,1,479,0.89707,-0.3789,0.14055,0.06261,0.0639
HD194453,G750L,gauss,interp,,,0.91768,-1.75913,-1.75913,1.75913,,,14.1676,,,14.1677,1,1,479,0.92024,-0.3418,0.09649,0.00089,0.00117
HD194453,G750L,moffat,interp,1.5571,,0.89371,-0.00954,-0.00954,0.00954,,,9.0832,,,9.0832,1,2,479,0.89277,0.0047,0.13009,0.03458,0.03636
HD194453,G750L,gauss2,interp,,,0.88376,-0.32048,-0.32048,0.32048,,0.2822,,9.1607,30.2351,9.8477,1,3,479,0.88296,-0.31,0.13035,0.03367,0.03622
HD194453,G750L,gauss_tophat,interp,,0.0599,0.91768,-1.75949,-1.75949,1.75949,,,14.1677,,,14.168,1,2,479,0.92024,-0.3418,0.0965,0.00089,0.00117
HD167946,G430L,stis,rebin,,,0.81727,4.73875,10.52923,5.41567,,,,,,4.0404,38,0,673,1.51204,-0.1358,0.0,0.0,0.0
HD167946,G430L,stis_gauss,rebin,,,0.84133,0.84232,4.85253,2.14053,3.9159,,,,,6.0017,38,1,673,0.96259,-0.1415,0.00033,0.0,7e-05
HD167946,G430L,stis_tophat,rebin,,5.5692,0.84546,0.97668,4.9854,2.24443,,,,,,6.4081,38,1,673,0.97922,-0.1417,9e-05,0.0,1e-05
HD167946,G430L,stis05,rebin,,,0.78895,-0.13604,3.24893,1.64476,,,,,,4.0432,38,0,673,0.86026,-0.161,0.02556,0.0,0.01794
HD167946,G430L,stis2,rebin,,,1.11834,-4.98472,-12.91095,6.49093,,,,,,4.0453,38,0,673,1.88653,-0.162,0.08753,0.04046,0.08038
HD167946,G430L,stis2_gauss,rebin,,,1.11835,-4.985,-12.91098,6.4912,0.05,,,,,4.0462,38,1,673,1.88659,-0.1619,0.08753,0.04046,0.08038
HD167946,G430L,stis2_tophat,rebin,,0.05,1.11834,-4.98472,-12.91129,6.49095,,,,,,4.0453,38,1,673,1.88653,-0.1621,0.08753,0.04046,0.08038
HD167946,G430L,gauss,rebin,,,0.84639,0.85317,5.11124,2.32515,,,6.1819,,,6.182,38,1,673,0.99055,-0.1022,0.00014,0.0,3e-05
HD167946,G430L,moffat,rebin,1.4807,,0.75575,0.30479,4.00641,1.44332,,,3.4987,,,3.4987,38,2,673,0.81027,-0.0984,0.02591,0.0065,0.02165
HD167946,G430L,gauss2,rebin,,,0.7531,0.43211,3.09943,1.34729,,0.0414,,5.3016,81.7807,5.3123,38,3,673,0.79852,-0.0981,0.03115,0.0225,0.03026
HD167946,G430L,gauss_tophat,rebin,,0.0605,0.84639,0.85283,5.11054,2.32513,,,6.1818,,,6.1821,38,2,673,0.99055,-0.1023,0.00014,0.0,3e-05
HD167946,G430L,stis,interp,,,0.8311,5.80585,13.50356,6.7141,,,,,,4.0404,38,0,673,1.78803,-0.136,0.0,0.0,0.0
HD167946,G430L,stis_gauss,interp,,,0.84099,0.84282,4.84772,2.13696,4.3407,,,,,6.3302,38,1,673,0.96186,-0.1414,0.00059,0.0,0.00015
HD167946,G430L,stis_tophat,interp,,6.1347,0.84799,1.03533,5.04266,2.30596,,,,,,6.8353,38,1,673,0.98931,-0.142,0.00015,0.0,1e-05
HD167946,G430L,stis05,interp,,,0.78283,0.68289,4.25893,1.75027,,,,,,4.0432,38,0,673,0.86671,-0.1595,0.02556,0.0,0.01794
HD167946,G430L,stis2,interp,,,1.11917,-4.32434,-12.06407,5.84022,,,,,,4.0453,38,0,673,1.76287,-0.1605,0.08753,0.04046,0.08038
HD167946,G430L,stis2_gauss,interp,,,1.11918,-4.32464,-12.06411,5.84048,0.05,,,,,4.0462,38,1,673,1.76292,-0.1605,0.08753,0.04046,0.08038
HD167946,G430L,stis2_tophat,interp,,0.05,1.1196,-4.32431,-12.03827,5.83894,,,,,,4.0453,38,1,673,1.76288,-0.1568,0.08753,0.04046,0.08038
HD167946,G430L,gauss,interp,,,0.84602,0.85355,5.10397,2.32209,,,6.4594,,,6.4595,38,1,673,0.98984,-0.1023,0.00027,0.0,6e-05
HD167946,G430L,moffat,interp,1.623,,0.75953,0.28738,4.00651,1.47214,,,4.0289,,,4.0291,38,2,673,0.8165,-0.0989,0.02465,0.00525,0.02016
HD167946,G430L,gauss2,interp,,,0.75298,0.4308,3.09977,1.34479,,0.0413,,5.6261,82.4059,5.6381,38,3,673,0.79818,-0.098,0.03112,0.02252,0.03022
HD167946,G430L,gauss_tophat,interp,,0.0602,0.84604,0.85275,5.10392,2.32199,,,6.4595,,,6.4598,38,2,673,0.98984,-0.1023,0.00027,0.0,6e-05
HD167946,G750L,stis,rebin,,,0.92469,3.91446,3.91446,3.91446,,,,,,8.0898,1,0,479,0.94088,-0.485,0.02536,0.0,0.0
HD167946,G750L,stis_gauss,rebin,,,0.85302,-2.23117,-2.23117,2.23117,8.9537,,,,,12.9031,1,1,479,0.85821,-0.5822,0.08089,0.00048,0.00066
HD167946,G750L,stis_tophat,rebin,,12.3089,0.85912,-2.11432,-2.11432,2.11432,,,,,,13.7227,1,1,479,0.86364,-0.5817,0.06964,4e-05,7e-05
HD167946,G750L,stis05,rebin,,,0.84378,0.40776,0.40776,0.40776,,,,,,8.0945,1,0,479,0.84311,-0.5385,0.09263,0.01274,0.01404
HD167946,G750L,stis2,rebin,,,0.85248,-2.41425,-2.41425,2.41425,,,,,,8.0945,1,0,479,0.85871,-0.5595,0.13861,0.06272,0.06398
HD167946,G750L,stis2_gauss,rebin,,,0.85248,-2.41472,-2.41472,2.41472,0.091,,,,,8.0972,1,1,479,0.85871,-0.5595,0.13861,0.06271,0.06397
HD167946,G750L,stis2_tophat,rebin,,0.1496,0.85248,-2.41469,-2.41469,2.41469,,,,,,8.098,1,1,479,0.85871,-0.5598,0.13861,0.06271,0.06397
HD167946,G750L,gauss,rebin,,,0.85437,-2.37755,-2.37755,2.37755,,,13.3801,,,13.3802,1,1,479,0.86037,-0.5437,0.07842,0.00043,0.00059
HD167946,G750L,moffat,rebin,1.5926,,0.8294,-1.21177,-1.21177,1.21177,,,8.5432,,,8.5433,1,2,479,0.83039,-0.4933,0.11319,0.02853,0.03005
HD167946,G750L,gauss2,rebin,,,0.82582,-1.06952,-1.06952,1.06952,,0.2664,,8.3767,30.3448,8.9199,1,3,479,0.82641,-0.4805,0.12025,0.03215,0.03456
HD167946,G750L,gauss_tophat,rebin,,0.1547,0.85438,-2.37702,-2.37702,2.37702,,,13.3793,,,13.3799,1,2,479,0.86037,-0.5437,0.07841,0.00043,0.00059
HD167946,G750L,stis,interp,,,0.94345,5.32886,5.32886,5.32886,,,,,,8.0898,1,0,479,0.97341,-0.4655,0.02536,0.0,0.0
HD167946,G750L,stis_gauss,interp,,,0.85297,-2.22608,-2.22608,2.22608,9.5502,,,,,13.3714,1,1,479,0.85813,-0.5813,0.08957,0.00072,0.00097
HD167946,G750L,stis_tophat,interp,,13.0635,0.86097,-2.16182,-2.16182,2.16182,,,,,,14.3033,1,1,479,0.86573,-0.5816,0.07588,6e-05,0.00011
HD167946,G750L,stis05,interp,,,0.85216,1.5975,1.5975,1.5975,,,,,,8.0945,1,0,479,0.85439,-0.5195,0.09263,0.01274,0.01404
HD167946,G750L,stis2,interp,,,0.85455,-1.34758,-1.34758,1.34758,,,,,,8.0945,1,0,479,0.85587,-0.543,0.13861,0.06272,0.06398
HD167946,G750L,stis2_gauss,interp,,,0.85433,-1.40384,-1.40384,1.40384,0.756,,,,,8.1466,1,1,479,0.85584,-0.5438,0.13882,0.06268,0.06394
HD167946,G750L,stis2_tophat,interp,,1.1515,0.85431,-1.40777,-1.40777,1.40777,,,,,,8.1498,1,1,479,0.85584,-0.5439,0.13883,0.06268,0.06394
HD167946,G750L,gauss,interp,,,0.85432,-2.37367,-2.37367,2.37367,,,13.7865,,,13.7866,1,1,479,0.86029,-0.5438,0.08763,0.00064,0.00085
HD167946,G750L,moffat,interp,1.6943,,0.82933,-1.13225,-1.13225,1.13225,,,9.2859,,,9.2859,1,2,479,0.83008,-0.4934,0.11989,0.02816,0.02976
HD167946,G750L,gauss2,interp,,,0.82583,-1.06777,-1.06777,1.06777,,0.2647,,9.0438,30.5997,9.6545,1,3,479,0.82641,-0.4797,0.12367,0.03277,0.0352
HD167946,G750L,gauss_tophat,interp,,0.0596,0.85432,-2.37337,-2.37337,2.37337,,,13.7862,,,13.7864,1,2,479,0.86029,-0.5439,0.08762,0.00064,0.00085
HD074721,G430L,stis,rebin,,,1.15685,5.11085,12.68214,6.29534,,,,,,4.0404,38,0,673,1.87095,-0.0648,0.0,0.0,0.0
HD074721,G430L,stis_gauss,rebin,,,1.16858,1.07125,8.2665,3.38057,3.6797,,,,,5.8225,38,1,673,1.39059,-0.0598,0.00024,0.0,5e-05
HD074721,G430L,stis_tophat,rebin,,5.1777,1.16958,1.28692,8.4226,3.51122,,,,,,6.1231,38,1,673,1.40954,-0.0601,6e-05,0.0,0.0
HD074721,G430L,stis05,rebin,,,1.13962,-0.17887,6.95017,2.25695,,,,,,4.0432,38,0,673,1.23005,-0.081,0.02556,0.0,0.01794
HD074721,G430L,stis2,rebin,,,1.40334,-5.27277,-12.92229,6.51089,,,,,,4.0453,38,0,673,2.06198,-0.076,0.08753,0.04046,0.08038
HD074721,G430L,stis2_gauss,rebin,,,1.40334,-5.27311,-12.92328,6.51124,0.05,,,,,4.0462,38,1,673,2.06204,-0.0761,0.08753,0.04046,0.08038
HD074721,G430L,stis2_tophat,rebin,,0.05,1.40339,-5.2721,-12.90982,6.51087,,,,,,4.0453,38,1,673,2.06201,-0.0715,0.08753,0.04046,0.08038
HD074721,G430L,gauss,rebin,,,1.17414,1.08841,8.60302,3.65156,,,6.0277,,,6.0278,38,1,673,1.43305,-0.0221,9e-05,0.0,2e-05
HD074721,G430L,moffat,rebin,1.4277,,1.12494,0.01714,7.74352,2.10165,,,3.4339,,,3.4341,38,2,673,1.20143,-0.0247,0.0287,0.00766,0.02418
HD074721,G430L,gauss2,rebin,,,1.13316,0.29622,7.2771,1.99732,,0.0749,,4.8435,36.1868,4.8806,38,3,673,1.19867,-0.0209,0.0386,0.01447,0.03559
HD074721,G430L,gauss_tophat,rebin,,0.1532,1.17415,1.08785,8.60241,3.65147,,,6.027,,,6.0279,38,2,673,1.43305,-0.0221,9e-05,0.0,2e-05
HD074721,G430L,stis,interp,,,1.17235,6.39436,14.9692,7.86145,,,,,,4.0404,38,0,673,2.18778,-0.0723,0.0,0.0,0.0
HD074721,G430L,stis_gauss,interp,,,1.16831,1.06902,8.25867,3.37399,4.1301,,,,,6.1664,38,1,673,1.38948,-0.0597,0.00045,0.0,0.00011
HD074721,G430L,stis_tophat,interp,,5.764,1.17037,1.3856,8.50181,3.59649,,,,,,6.5532,38,1,673,1.42224,-0.0602,0.0001,0.0,1e-05
HD074721,G430L,stis05,interp,,,1.14226,0.79327,8.40739,2.52534,,,,,,4.0432,38,0,673,1.26142,-0.0855,0.02556,0.0,0.01794
HD074721,G430L,stis2,interp,,,1.41206,-4.49346,-11.0572,5.746,,,,,,4.0453,38,0,673,1.93534,-0.0795,0.08753,0.04046,0.08038
HD074721,G430L,stis2_gauss,interp,,,1.41205,-4.49378,-11.05714,5.74631,0.05,,,,,4.0462,38,1,673,1.93539,-0.0792,0.08753,0.04046,0.08038
HD074721,G430L,stis2_tophat,interp,,0.05,1.41206,-4.49344,-11.05672,5.746,,,,,,4.0453,38,1,673,1.93534,-0.0794,0.08753,0.04046,0.08038
HD074721,G430L,gauss,interp,,,1.17377,1.08829,8.59689,3.64616,,,6.3121,,,6.3122,38,1,673,1.43199,-0.0218,0.00019,0.0,4e-05
HD074721,G430L,moffat,interp,1.5732,,1.12618,-0.0103,7.74938,2.16382,,,3.9948,,,3.9949,38,2,673,1.20874,-0.0265,0.02699,0.00611,0.02226
HD074721,G430L,gauss2,interp,,,1.1329,0.29377,7.27697,1.99585,,0.0743,,5.2012,36.4811,5.2432,38,3,673,1.1983,-0.0206,0.03856,0.01462,0.03558
HD074721,G430L,gauss_tophat,interp,,0.0601,1.17378,1.08753,8.59687,3.6461,,,6.3122,,,6.3124,38,2,673,1.43199,-0.0217,0.00019,0.0,4e-05
HD074721,G750L,stis,rebin,,,1.50941,3.88571,5.78208,4.32376,,,,,,8.0898,2,0,479,1.53195,-0.21,0.02536,0.0,0.0
HD074721,G750L,stis_gauss,rebin,,,1.41787,-1.17354,-1.38982,1.1933,9.3737,,,,,13.2323,2,1,479,1.41701,-0.2151,0.08693,0.00064,0.00087
HD074721,G750L,stis_tophat,rebin,,12.8728,1.42514,-0.9389,-1.31067,1.00983,,,,,,14.1551,2,1,479,1.42365,-0.2099,0.07425,5e-05,0.0001
HD074721,G750L,stis05,rebin,,,1.40822,0.77153,2.09028,1.52786,,,,,,8.0945,2,0,479,1.40874,-0.2405,0.09263,0.01274,0.01404
HD074721,G750L,stis2,rebin,,,1.36161,-1.78291,-2.82241,2.06381,,,,,,8.0945,2,0,479,1.36529,-0.258,0.13861,0.06272,0.06398
HD074721,G750L,stis2_gauss,rebin,,,1.36162,-1.78202,-2.81964,2.0621,0.051,,,,,8.0952,2,1,479,1.36529,-0.257,0.13861,0.06272,0.06398
HD074721,G750L,stis2_tophat,rebin,,0.0503,1.36161,-1.78283,-2.82218,2.06367,,,,,,8.0946,2,1,479,1.36529,-0.2579,0.13861,0.06272,0.06398
HD074721,G750L,gauss,rebin,,,1.41998,-1.22986,-1.52666,1.26516,,,13.6539,,,13.654,2,1,479,1.41937,-0.1726,0.08459,0.00056,0.00076
HD074721,G750L,moffat,rebin,1.2012,,1.36731,-1.49711,-2.68309,1.90994,,,7.2105,,,7.2106,2,2,479,1.37002,-0.1941,0.14258,0.05178,0.0538
HD074721,G750L,gauss2,rebin,,,1.35681,-2.08439,-2.42125,2.11144,,0.4386,,10.8815,1082.9134,10.9433,2,3,479,1.36083,-0.1979,0.11267,0.07296,0.07355
HD074721,G750L,gauss_tophat,rebin,,0.0646,1.41998,-1.23,-1.52702,1.26535,,,13.6539,,,13.6542,2,2,479,1.41937,-0.1725,0.0846,0.00056,0.00076
HD074721,G750L,stis,interp,,,1.53725,4.78363,7.3625,5.43449,,,,,,8.0898,2,0,479,1.57372,-0.2045,0.02536,0.0,0.0
HD074721,G750L,stis_gauss,interp,,,1.4178,-1.17015,-1.38475,1.18966,9.945,,,,,13.6843,2,1,479,1.41693,-0.2144,0.09568,0.00092,0.00123
HD074721,G750L,stis_tophat,interp,,13.5789,1.42748,-0.90735,-1.36628,1.01681,,,,,,14.7083,2,1,479,1.42601,-0.2067,0.08049,8e-05,0.00015
HD074721,G750L,stis05,interp,,,1.41942,1.51111,3.42289,2.43687,,,,,,8.0945,2,0,479,1.42518,-0.2375,0.09263,0.01274,0.01404
HD074721,G750L,stis2,interp,,,1.36515,-1.12268,-2.69988,1.93597,,,,,,8.0945,2,0,479,1.36803,-0.2565,0.13861,0.06272,0.06398
HD074721,G750L,stis2_gauss,interp,,,1.36188,-1.74288,-2.82535,2.05168,3.257,,,,,8.9835,2,1,479,1.36548,-0.2579,0.14293,0.06261,0.06392
HD074721,G750L,stis2_tophat,interp,,4.7693,1.36192,-1.74453,-2.80646,2.04232,,,,,,9.0468,2,1,479,1.36546,-0.2577,0.14284,0.06258,0.0639
HD074721,G750L,gauss,interp,,,1.41991,-1.22855,-1.52355,1.26347,,,14.0531,,,14.0533,2,1,479,1.4193,-0.1728,0.09381,0.0008,0.00107
HD074721,G750L,moffat,interp,1.3013,,1.37299,-1.32991,-2.21768,1.599,,,8.2109,,,8.211,2,2,479,1.37401,-0.0024,0.14724,0.04919,0.05127
HD074721,G750L,gauss2,interp,,,1.35683,-2.08032,-2.41458,2.107,,0.9,,11.3857,12574.7468,11.4529,2,3,479,1.36083,-0.1946,0.11988,0.0729,0.0735
HD074721,G750L,gauss_tophat,interp,,3.6243,1.42196,-1.1184,-1.62975,1.22975,,,13.8403,,,14.0612,2,2,479,1.42122,-0.0072,0.09392,0.0008,0.00107
HD174240,G430L,stis,rebin,,,1.21787,5.13012,14.46399,6.24054,,,,,,4.0404,39,0,674,1.91072,-0.038,0.0,0.0,0.0
HD174240,G430L,stis_gauss,rebin,,,1.23731,0.86661,6.33662,2.59434,4.0985,,,,,6.142,39,1,674,1.35344,-0.0332,0.00043,0.0,0.0001
HD174240,G430L,stis_tophat,rebin,,5.7828,1.24132,1.0603,6.5385,2.73623,,,,,,6.5675,39,1,674,1.37293,-0.0333,0.00011,0.0,1e-05
HD174240,G430L,stis05,rebin,,,1.17486,0.22143,6.15425,1.78796,,,,,,4.0432,39,0,674,1.21877,-0.056,0.02556,0.0,0.01794
HD174240,G430L,stis2,rebin,,,1.37907,-4.62089,-12.41591,5.95342,,,,,,4.0453,39,0,674,1.96027,-0.0555,0.08753,0.04046,0.08038
HD174240,G430L,stis2_gauss,rebin,,,1.37906,-4.62117,-12.41652,5.95372,0.05,,,,,4.0462,39,1,674,1.96032,-0.0555,0.08753,0.04046,0.08038
HD174240,G430L,stis2_tophat,rebin,,0.05,1.37906,-4.62091,-12.41568,5.95345,,,,,,4.0453,39,1,674,1.96027,-0.0556,0.08753,0.04046,0.08038
HD174240,G430L,gauss,rebin,,,1.24311,0.88054,7.14079,2.81142,,,6.2994,,,6.2995,39,1,674,1.3832,0.006,0.00019,0.0,4e-05
HD174240,G430L,moffat,rebin,1.4067,,1.15161,0.05852,6.0116,1.68023,,,3.4638,,,3.4641,39,2,674,1.18862,0.0042,0.0308,0.00844,0.02604
HD174240,G430L,gauss2,rebin,,,1.13655,0.22272,4.91309,1.58913,,0.7641,,5.3639,10872.167,5.3702,39,3,674,1.16753,0.0069,0.03753,0.03216,0.037
HD174240,G430L,gauss_tophat,rebin,,0.0813,1.24311,0.88025,7.14065,2.8114,,,6.2991,,,6.2996,39,2,674,1.3832,0.0061,0.00019,0.0,4e-05
HD174240,G430L,stis,interp,,,1.23383,6.21915,17.20813,7.60816,,,,,,4.0404,39,0,674,2.18715,-0.041,0.0,0.0,0.0
HD174240,G430L,stis_gauss,interp,,,1.23706,0.86448,6.33452,2.58989,4.5072,,,,,6.4608,39,1,674,1.35273,-0.0334,0.00072,0.0,0.00019
HD174240,G430L,stis_tophat,interp,,6.3152,1.24369,1.13446,6.62334,2.80951,,,,,,6.9753,39,1,674,1.38347,-0.0334,0.00017,0.0,2e-05
HD174240,G430L,stis05,interp,,,1.17406,1.05237,7.0399,2.27095,,,,,,4.0432,39,0,674,1.26375,-0.057,0.02556,0.0,0.01794
HD174240,G430L,stis2,interp,,,1.38212,-3.95373,-10.87388,5.3121,,,,,,4.0453,39,0,674,1.85271,-0.0558,0.08753,0.04046,0.08038
HD174240,G430L,stis2_gauss,interp,,,1.38213,-3.95399,-10.87301,5.31231,0.05,,,,,4.0462,39,1,674,1.85275,-0.0556,0.08753,0.04046,0.08038
HD174240,G430L,stis2_tophat,interp,,0.05,1.38213,-3.95369,-10.87283,5.31205,,,,,,4.0453,39,1,674,1.85271,-0.0556,0.08753,0.04046,0.08038
HD174240,G430L,gauss,interp,,,1.2428,0.87978,7.14126,2.80765,,,6.5722,,,6.5724,39,1,674,1.3825,0.0059,0.00034,0.0,8e-05
HD174240,G430L,moffat,interp,1.5346,,1.15597,0.0439,6.0135,1.70809,,,3.9947,,,3.9947,39,2,674,1.19489,0.0034,0.02942,0.00697,0.02441
HD174240,G430L,gauss2,interp,,,1.13639,0.22107,4.91597,1.58654,,0.7752,,5.6839,11592.5264,5.6909,39,3,674,1.16718,0.0069,0.0375,0.03212,0.03695
HD174240,G430L,gauss_tophat,interp,,0.0602,1.2428,0.87986,7.1417,2.80769,,,6.572,,,6.5723,39,2,674,1.3825,0.0059,0.00034,0.0,8e-05
HD174240,G750L,stis,rebin,,,1.37145,4.46579,4.46579,4.46579,,,,,,8.0898,1,0,479,1.38513,-0.357,0.02536,0.0,0.0
HD174240,G750L,stis_gauss,rebin,,,1.28997,-2.34435,-2.34435,2.34435,9.5963,,,,,13.4079,1,1,479,1.29307,-0.4219,0.09027,0.00074,0.001
HD174240,G750L,stis_tophat,rebin,,13.2151,1.2954,-2.28789,-2.28789,2.28789,,,,,,14.4217,1,1,479,1.29827,-0.4258,0.07721,6e-05,0.00012
HD174240,G750L,stis05,rebin,,,1.28903,0.97558,0.97558,0.97558,,,,,,8.0945,1,0,479,1.28845,-0.3915,0.09263,0.01274,0.01404
HD174240,G750L,stis2,rebin,,,1.2559,-1.81437,-1.81437,1.81437,,,,,,8.0945,1,0,479,1.25732,-0.4045,0.13861,0.06272,0.06398
HD174240,G750L,stis2_gauss,rebin,,,1.2559,-1.81456,-1.81456,1.81456,0.0508,,,,,8.0951,1,1,479,1.25732,-0.4048,0.13861,0.06272,0.06398
HD174240,G750L,stis2_tophat,rebin,,0.0505,1.2559,-1.81454,-1.81454,1.81454,,,,,,8.0946,1,1,479,1.25732,-0.405,0.13861,0.06272,0.06398
HD174240,G750L,gauss,rebin,,,1.29108,-2.45519,-2.45519,2.45519,,,13.8098,,,13.8099,1,1,479,1.29461,-0.3832,0.08817,0.00065,0.00087
HD174240,G750L,moffat,rebin,1.2649,,1.25947,-1.15568,-1.15568,1.15568,,,7.4707,,,7.4708,1,2,479,1.25926,-0.3337,0.13591,0.04645,0.04837
HD174240,G750L,gauss2,rebin,,,1.24911,-2.43312,-2.43312,2.43312,,0.9,,11.1631,15056.3665,11.217,1,3,479,1.25275,-0.3622,0.10419,0.06188,0.06238
HD174240,G750L,gauss_tophat,rebin,,0.1131,1.29108,-2.45511,-2.45511,2.45511,,,13.8095,,,13.8099,1,2,479,1.29461,-0.3833,0.08816,0.00065,0.00087
HD174240,G750L,stis,interp,,,1.39251,5.89061,5.89061,5.89061,,,,,,8.0898,1,0,479,1.41686,-0.35,0.02536,0.0,0.0
HD174240,G750L,stis_gauss,interp,,,1.28993,-2.34059,-2.34059,2.34059,10.1557,,,,,13.8522,1,1,479,1.29301,-0.4226,0.09904,0.00105,0.00139
HD174240,G750L,stis_tophat,interp,,13.9173,1.29695,-2.34526,-2.34526,2.34526,,,,,,14.9779,1,1,479,1.30002,-0.4272,0.08368,0.0001,0.00018
HD174240,G750L,stis05,interp,,,1.29859,2.17232,2.17232,2.17232,,,,,,8.0945,1,0,479,1.30102,-0.3825,0.09263,0.01274,0.01404
HD174240,G750L,stis2,interp,,,1.2595,-0.74293,-0.74293,0.74293,,,,,,8.0945,1,0,479,1.25864,-0.3955,0.13861,0.06272,0.06398
HD174240,G750L,stis2_gauss,interp,,,1.25669,-1.55632,-1.55632,1.55632,2.9189,,,,,8.8134,1,1,479,1.25739,-0.4029,0.14205,0.06261,0.06391
HD174240,G750L,stis2_tophat,interp,,4.3106,1.2566,-1.58068,-1.58068,1.58068,,,,,,8.867,1,1,479,1.25737,-0.403,0.14206,0.06259,0.06389
HD174240,G750L,gauss,interp,,,1.29104,-2.45316,-2.45316,2.45316,,,14.2049,,,14.2051,1,1,479,1.29455,-0.3832,0.09737,0.00091,0.00121
HD174240,G750L,moffat,interp,1.3537,,1.26036,-1.04709,-1.04709,1.04709,,,8.3534,,,8.3535,1,2,479,1.25995,-0.3344,0.14152,0.04501,0.047
HD174240,G750L,gauss2,interp,,,1.24914,-2.42849,-2.42849,2.42849,,0.9,,11.6523,15075.9595,11.7109,1,3,479,1.25276,-0.3632,0.1118,0.06183,0.06234
HD174240,G750L,gauss_tophat,interp,,0.0608,1.29104,-2.45216,-2.45216,2.45216,,,14.2041,,,14.2043,1,2,479,1.29455,-0.3831,0.09736,0.00091,0.00121
HD166991,G430L,stis,rebin,,,0.69421,3.42615,9.35437,4.14156,,,,,,4.0404,38,0,674,1.1924,-0.067,0.0,0.0,0.0
HD166991,G430L,stis_gauss,rebin,,,0.7069,0.73068,4.8565,1.81936,3.4792,,,,,5.6727,38,1,674,0.81127,-0.0702,0.00017,0.0,3e-05
HD166991,G430L,stis_tophat,rebin,,4.9329,0.7105,0.84921,4.97515,1.89988,,,,,,5.9498,38,1,674,0.82453,-0.0702,5e-05,0.0,0.0
HD166991,G430L,stis05,rebin,,,0.64535,-0.59388,3.0743,1.4101,,,,,,4.0432,38,0,674,0.7107,-0.091,0.02556,0.0,0.01794
HD166991,G430L,stis2,rebin,,,1.05757,-4.97237,-12.3024,6.3299,,,,,,4.0453,38,0,674,1.82055,-0.091,0.08753,0.04046,0.08038
HD166991,G430L,stis2_gauss,rebin,,,1.05757,-4.97261,-12.30299,6.33016,0.05,,,,,4.0462,38,1,674,1.8206,-0.0911,0.08753,0.04046,0.08038
HD166991,G430L,stis2_tophat,rebin,,0.05,1.05756,-4.97234,-12.30218,6.32991,,,,,,4.0453,38,1,674,1.82055,-0.0912,0.08753,0.04046,0.08038
HD166991,G430L,gauss,rebin,,,0.71875,0.76244,5.31825,2.00526,,,5.9022,,,5.9023,38,1,674,0.84509,-0.0308,7e-05,0.0,1e-05
HD166991,G430L,moffat,rebin,1.5546,,0.61375,0.08599,3.42966,1.11033,,,3.5514,,,3.5516,38,2,674,0.65189,-0.0292,0.0222,0.00509,0.01832
HD166991,G430L,gauss2,rebin,,,0.61754,0.2242,3.6826,1.11776,,0.0755,,4.8092,27.1476,4.8574,38,3,674,0.65597,-0.029,0.02913,0.00625,0.02576
HD166991,G430L,gauss_tophat,rebin,,0.1552,0.71876,0.76208,5.31702,2.00521,,,5.9015,,,5.9024,38,2,674,0.84509,-0.0309,7e-05,0.0,1e-05
HD166991,G430L,stis,interp,,,0.73931,4.33531,12.40027,5.26179,,,,,,4.0404,38,0,674,1.44108,-0.0678,0.0,0.0,0.0
HD166991,G430L,stis_gauss,interp,,,0.70631,0.72953,4.85192,1.81526,3.9524,,,,,6.0296,38,1,674,0.81027,-0.0701,0.00035,0.0,8e-05
HD166991,G430L,stis_tophat,interp,,5.5676,0.71414,0.90211,5.0441,1.95169,,,,,,6.4069,38,1,674,0.83427,-0.0705,9e-05,0.0,1e-05
HD166991,G430L,stis05,interp,,,0.64863,0.11861,3.27982,1.23565,,,,,,4.0432,38,0,674,0.69504,-0.09,0.02556,0.0,0.01794
HD166991,G430L,stis2,interp,,,1.0611,-4.39284,-10.83087,5.7358,,,,,,4.0453,38,0,674,1.70802,-0.0915,0.08753,0.04046,0.08038
HD166991,G430L,stis2_gauss,interp,,,1.06109,-4.39309,-10.83192,5.73606,0.05,,,,,4.0462,38,1,674,1.70806,-0.0916,0.08753,0.04046,0.08038
HD166991,G430L,stis2_tophat,interp,,0.05,1.0611,-4.39284,-10.83072,5.7358,,,,,,4.0453,38,1,674,1.70802,-0.0915,0.08753,0.04046,0.08038
HD166991,G430L,gauss,interp,,,0.71814,0.76141,5.31176,2.00174,,,6.1929,,,6.193,38,1,674,0.84414,-0.0311,0.00014,0.0,3e-05
HD166991,G430L,moffat,interp,1.7056,,0.61703,0.07139,3.44177,1.13078,,,4.0696,,,4.0698,38,2,674,0.65677,-0.0295,0.02117,0.00408,0.0171
HD166991,G430L,gauss2,interp,,,0.61732,0.22326,3.67686,1.11699,,0.0745,,5.1717,27.464,5.2257,38,3,674,0.6557,-0.0292,0.02915,0.00643,0.02583
HD166991,G430L,gauss_tophat,interp,,0.1547,0.71814,0.76157,5.31108,2.00179,,,6.192,,,6.193,38,2,674,0.84414,-0.0312,0.00014,0.0,3e-05
HD166991,G750L,stis,rebin,,,0.84503,2.82274,4.80373,3.4485,,,,,,8.0898,2,0,480,0.87215,-0.1635,0.02536,0.0,0.0
HD166991,G750L,stis_gauss,rebin,,,0.75837,-1.66539,-3.36864,2.38214,9.1955,,,,,13.0923,2,1,480,0.77225,-0.2628,0.08433,0.00057,0.00078
HD166991,G750L,stis_tophat,rebin,,12.7303,0.76509,-1.49525,-3.17592,2.24954,,,,,,14.045,2,1,480,0.77718,-0.2632,0.07305,5e-05,9e-05
HD166991,G750L,stis05,rebin,,,0.75612,-0.07092,-1.98073,1.91113,,,,,,8.0945,2,0,480,0.76456,-0.218,0.09263,0.01274,0.01404
HD166991,G750L,stis2,rebin,,,0.74594,-2.61534,-4.46606,3.20393,,,,,,8.0945,2,0,480,0.77258,-0.2445,0.13861,0.06272,0.06398
HD166991,G750L,stis2_gauss,rebin,,,0.74593,-2.61581,-4.46607,3.20405,0.1285,,,,,8.0987,2,1,480,0.77258,-0.2443,0.13861,0.06271,0.06397
HD166991,G750L,stis2_tophat,rebin,,0.25,0.74593,-2.6162,-4.46629,3.20427,,,,,,8.1007,2,1,480,0.77257,-0.2442,0.13862,0.06271,0.06397
HD166991,G750L,gauss,rebin,,,0.75993,-1.71461,-3.39734,2.40238,,,13.5267,,,13.5268,2,1,480,0.77404,-0.2241,0.08171,0.0005,0.00068
HD166991,G750L,moffat,rebin,1.6454,,0.73331,-1.61474,-3.40568,2.4114,,,8.9085,,,8.9086,2,2,480,0.74815,-0.1812,0.11601,0.02813,0.02968
HD166991,G750L,gauss2,rebin,,,0.73223,-1.54633,-3.32371,2.35589,,0.2523,,9.062,30.3656,9.6395,2,3,480,0.74636,-0.1752,0.11753,0.03051,0.0328
HD166991,G750L,gauss_tophat,rebin,,3.6402,0.76661,-1.64373,-3.06241,2.17129,,,13.2571,,,13.4898,2,2,480,0.77775,-0.0068,0.08079,0.00048,0.00065
HD166991,G750L,stis,interp,,,0.8677,3.60398,5.63623,4.13748,,,,,,8.0898,2,0,480,0.90614,-0.142,0.02536,0.0,0.0
HD166991,G750L,stis_gauss,interp,,,0.7583,-1.66427,-3.3684,2.38199,9.7788,,,,,13.5523,2,1,480,0.77218,-0.2631,0.09307,0.00083,0.00112
HD166991,G750L,stis_tophat,interp,,13.4658,0.76707,-1.47643,-3.14493,2.22794,,,,,,14.6188,2,1,480,0.77886,-0.2649,0.07945,8e-05,0.00014
HD166991,G750L,stis05,interp,,,0.76735,0.58309,2.55484,2.05616,,,,,,8.0945,2,0,480,0.77717,-0.1985,0.09263,0.01274,0.01404
HD166991,G750L,stis2,interp,,,0.75149,-2.02775,-3.94237,2.78883,,,,,,8.0945,2,0,480,0.77123,-0.2265,0.13861,0.06272,0.06398
HD166991,G750L,stis2_gauss,interp,,,0.74984,-2.16766,-4.06604,2.88142,1.6329,,,,,8.3243,2,1,480,0.77104,-0.2306,0.13965,0.06265,0.06392
HD166991,G750L,stis2_tophat,interp,,2.4493,0.74977,-2.1732,-4.07043,2.88483,,,,,,8.3378,2,1,480,0.77103,-0.2306,0.13969,0.06264,0.06391
HD166991,G750L,gauss,interp,,,0.75986,-1.71302,-3.39692,2.40208,,,13.9291,,,13.9293,2,1,480,0.77397,-0.2248,0.09092,0.00072,0.00096
HD166991,G750L,moffat,interp,1.7337,,0.73309,-1.59816,-3.39887,2.40763,,,9.5696,,,9.5697,2,2,480,0.74789,-0.1802,0.12277,0.02814,0.02977
HD166991,G750L,gauss2,interp,,,0.7322,-1.54699,-3.32711,2.35839,,0.2512,,9.6732,30.5926,10.3104,2,3,480,0.74636,-0.1766,0.12206,0.03107,0.03338
HD166991,G750L,gauss_tophat,interp,,0.0594,0.75986,-1.71342,-3.3973,2.40234,,,13.9294,,,13.9296,2,2,480,0.77397,-0.2248,0.09093,0.00072,0.00096
HD117880,G430L,stis,rebin,,,0.89995,3.55816,14.10128,4.68196,,,,,,4.0404,38,0,674,1.41426,-0.2928,0.0,0.0,0.0
HD117880,G430L,stis_gauss,rebin,,,0.9032,0.62449,6.91866,2.6333,3.1045,,,,,5.3997,38,1,674,1.07737,-0.3078,9e-05,0.0,1e-05
HD117880,G430L,stis_tophat,rebin,,4.4244,0.90427,0.74263,7.06023,2.69637,,,,,,5.6047,38,1,674,1.08697,-0.3079,3e-05,0.0,0.0
HD117880,G430L,stis05,rebin,,,0.86944,-1.73331,-5.51118,2.73042,,,,,,4.0432,38,0,674,1.06472,-0.322,0.02556,0.0,0.01794
HD117880,G430L,stis2,rebin,,,1.19178,-6.72948,-15.21477,8.00637,,,,,,4.0453,38,0,674,2.22583,-0.3255,0.08753,0.04046,0.08038
HD117880,G430L,stis2_gauss,rebin,,,1.19175,-6.72978,-15.21628,8.00679,0.05,,,,,4.0462,38,1,674,2.2259,-0.3257,0.08753,0.04046,0.08038
HD117880,G430L,stis2_tophat,rebin,,0.05,1.1918,-6.72949,-15.21446,8.00634,,,,,,4.0453,38,1,674,2.22583,-0.3254,0.08753,0.04046,0.08038
HD117880,G430L,gauss,rebin,,,0.90765,0.69133,6.57381,2.87012,,,5.6792,,,5.6793,38,1,674,1.11437,-0.2705,3e-05,0.0,1e-05
HD117880,G430L,moffat,rebin,1.5385,,0.83471,-0.17494,5.89617,1.86886,,,3.3792,,,3.3794,38,2,674,0.92432,-0.2571,0.02091,0.00488,0.0173
HD117880,G430L,gauss2,rebin,,,0.84252,0.01757,5.3957,1.79146,,0.0807,,4.5532,25.785,4.602,38,3,674,0.92236,-0.2618,0.02913,0.00547,0.0255
HD117880,G430L,gauss_tophat,rebin,,0.0623,0.90769,0.69195,6.57538,2.86995,,,5.6788,,,5.6791,38,2,674,1.11437,-0.2703,3e-05,0.0,1e-05
HD117880,G430L,stis,interp,,,0.91809,4.79292,17.44633,6.1492,,,,,,4.0404,38,0,674,1.71092,-0.2785,0.0,0.0,0.0
HD117880,G430L,stis_gauss,interp,,,0.90306,0.62136,6.9246,2.62551,3.627,,,,,5.7829,38,1,674,1.07619,-0.3072,0.00022,0.0,4e-05
HD117880,G430L,stis_tophat,interp,,5.1296,0.90498,0.81641,7.0908,2.75346,,,,,,6.0887,38,1,674,1.09557,-0.308,6e-05,0.0,0.0
HD117880,G430L,stis05,interp,,,0.86645,-0.79994,5.33174,2.18332,,,,,,4.0432,38,0,674,0.98851,-0.3115,0.02556,0.0,0.01794
HD117880,G430L,stis2,interp,,,1.19435,-5.98028,-13.49575,7.23068,,,,,,4.0453,38,0,674,2.07214,-0.3185,0.08753,0.04046,0.08038
HD117880,G430L,stis2_gauss,interp,,,1.19435,-5.98062,-13.4965,7.231,0.05,,,,,4.0462,38,1,674,2.0722,-0.3185,0.08753,0.04046,0.08038
HD117880,G430L,stis2_tophat,interp,,0.05,1.19435,-5.98028,-13.49595,7.2307,,,,,,4.0453,38,1,674,2.07214,-0.3186,0.08753,0.04046,0.08038
HD117880,G430L,gauss,interp,,,0.90723,0.69164,6.56984,2.86439,,,5.9799,,,5.98,38,1,674,1.11322,-0.2703,8e-05,0.0,2e-05
HD117880,G430L,moffat,interp,1.7133,,0.83665,-0.19345,6.04553,1.9109,,,3.9367,,,3.937,38,2,674,0.9308,-0.2546,0.01932,0.00368,0.01557
HD117880,G430L,gauss2,interp,,,0.8425,0.01565,5.39324,1.78999,,0.0793,,4.9365,26.1538,4.9917,38,3,674,0.92219,-0.2614,0.02919,0.00569,0.02563
HD117880,G430L,gauss_tophat,interp,,0.1544,0.90724,0.6907,6.56889,2.86437,,,5.9793,,,5.9803,38,2,674,1.11322,-0.2703,8e-05,0.0,2e-05
HD117880,G750L,stis,rebin,,,1.09817,2.84084,4.61254,3.34803,,,,,,8.0898,2,0,481,1.11695,-0.1755,0.02536,0.0,0.0
HD117880,G750L,stis_gauss,rebin,,,0.93329,-2.58403,-4.87155,3.45108,9.6598,,,,,13.4581,2,1,481,0.95757,-0.2759,0.09124,0.00077,0.00104
HD117880,G750L,stis_tophat,rebin,,13.2581,0.94492,-2.36076,-4.68505,3.31293,,,,,,14.4553,2,1,481,0.96685,-0.281,0.07759,7e-05,0.00012
HD117880,G750L,stis05,rebin,,,0.94359,-0.292,-2.22703,1.95694,,,,,,8.0945,2,0,481,0.95004,-0.221,0.09263,0.01274,0.01404
HD117880,G750L,stis2,rebin,,,0.88915,-2.81286,-4.78313,3.43426,,,,,,8.0945,2,0,481,0.91452,-0.234,0.13861,0.06272,0.06398
HD117880,G750L,stis2_gauss,rebin,,,0.88898,-2.82377,-4.79593,3.44429,0.4607,,,,,8.1165,2,1,481,0.91451,-0.2343,0.13868,0.0627,0.06396
HD117880,G750L,stis2_tophat,rebin,,0.7494,0.88894,-2.82616,-4.79872,3.44647,,,,,,8.1202,2,1,481,0.91451,-0.2343,0.1387,0.06269,0.06395
HD117880,G750L,gauss,rebin,,,0.93542,-2.64992,-4.94066,3.50279,,,13.8529,,,13.853,2,1,481,0.96041,-0.2374,0.08916,0.00067,0.0009
HD117880,G750L,moffat,rebin,1.3781,,0.88391,-2.45408,-4.38079,3.12005,,,8.1476,,,8.1477,2,2,481,0.90473,-0.1749,0.13251,0.04093,0.04279
HD117880,G750L,gauss2,rebin,,,0.88106,-2.35128,-4.35686,3.09045,,0.2171,,9.3125,38.077,9.7317,2,3,481,0.90153,-0.1779,0.12537,0.04692,0.04933
HD117880,G750L,gauss_tophat,rebin,,3.6418,0.94364,-2.66393,-4.64777,3.32147,,,13.6012,,,13.8282,2,2,481,0.96572,-0.0039,0.08851,0.00065,0.00088
HD117880,G750L,stis,interp,,,1.14072,3.70959,5.27742,4.0273,,,,,,8.0898,2,0,481,1.16759,-0.1575,0.02536,0.0,0.0
HD117880,G750L,stis_gauss,interp,,,0.93322,-2.58188,-4.86876,3.44905,10.2158,,,,,13.9001,2,1,481,0.95746,-0.2756,0.10002,0.00109,0.00144
HD117880,G750L,stis_tophat,interp,,13.9256,0.94808,-2.32686,-4.66779,3.30064,,,,,,14.9845,2,1,481,0.96975,-0.2841,0.08376,0.0001,0.00018
HD117880,G750L,stis05,interp,,,0.96701,0.43379,2.20416,1.82274,,,,,,8.0945,2,0,481,0.97213,-0.1995,0.09263,0.01274,0.01404
HD117880,G750L,stis2,interp,,,0.90148,-2.15867,-3.99518,2.83419,,,,,,8.0945,2,0,481,0.91798,-0.216,0.13861,0.06272,0.06398
HD117880,G750L,stis2_gauss,interp,,,0.88946,-2.79197,-4.75641,3.41381,3.3014,,,,,9.007,2,1,481,0.9145,-0.2339,0.14305,0.06261,0.06392
HD117880,G750L,stis2_tophat,interp,,4.8801,0.88914,-2.80334,-4.77561,3.42762,,,,,,9.0933,2,1,481,0.9144,-0.2349,0.14305,0.06258,0.0639
HD117880,G750L,gauss,interp,,,0.93535,-2.64809,-4.93767,3.50065,,,14.2461,,,14.2462,2,1,481,0.96031,-0.2367,0.09834,0.00095,0.00125
HD117880,G750L,moffat,interp,1.4692,,0.88432,-2.4795,-4.37139,3.11884,,,8.9513,,,8.9514,2,2,481,0.9051,-0.1715,0.13836,0.03988,0.04181
HD117880,G750L,gauss2,interp,,,0.88106,-2.35175,-4.35669,3.09039,,0.2163,,9.905,38.2763,10.3694,2,3,481,0.90153,-0.1781,0.13013,0.04727,0.04968
HD117880,G750L,gauss_tophat,interp,,0.0599,0.93535,-2.64829,-4.93795,3.50086,,,14.2462,,,14.2464,2,2,481,0.96031,-0.2368,0.09835,0.00095,0.00125
HD128801,G430L,stis,rebin,,,0.9771,6.72764,16.96533,8.1899,,,,,,4.0404,38,0,673,2.1652,-0.3925,0.0,0.0,0.0
HD128801,G430L,stis_gauss,rebin,,,0.92938,0.63814,10.30379,2.59344,4.7156,,,,,6.6257,38,1,673,1.09304,-0.392,0.00091,0.0,0.00026
HD128801,G430L,stis_tophat,rebin,,6.6584,0.93862,0.82689,10.71709,2.74602,,,,,,7.2459,38,1,673,1.12118,-0.3931,0.00023,0.0,3e-05
HD128801,G430L,stis05,rebin,,,0.88956,1.47112,9.39371,3.07394,,,,,,4.0432,38,0,673,1.13144,-0.4078,0.02556,0.0,0.01794
HD128801,G430L,stis2,rebin,,,1.17673,-3.30006,-9.29728,5.15812,,,,,,4.0453,38,0,673,1.67595,-0.4165,0.08753,0.04046,0.08038
HD128801,G430L,stis2_gauss,rebin,,,1.17677,-3.3003,-9.2967,5.15819,0.05,,,,,4.0462,38,1,673,1.67598,-0.4164,0.08753,0.04046,0.08038
HD128801,G430L,stis2_tophat,rebin,,0.05,1.17671,-3.3001,-9.29781,5.1582,,,,,,4.0453,38,1,673,1.67595,-0.4166,0.08753,0.04046,0.08038
HD128801,G430L,gauss,rebin,,,0.93663,0.6537,10.89494,2.76618,,,6.715,,,6.7151,38,1,673,1.1224,-0.3507,0.00045,0.0,0.00012
HD128801,G430L,moffat,rebin,1.8515,,0.8738,0.22598,8.92745,2.34611,,,4.633,,,4.6332,38,2,673,1.01548,-0.3493,0.02186,0.00359,0.01731
HD128801,G430L,gauss2,rebin,,,0.88924,0.22018,8.95715,2.23799,,0.0439,,6.0929,158.1091,6.1007,38,3,673,1.01435,-0.3562,0.02884,0.0236,0.02825
HD128801,G430L,gauss_tophat,rebin,,0.1545,0.93662,0.65489,10.89469,2.76622,,,6.7138,,,6.7147,38,2,673,1.1224,-0.3506,0.00045,0.0,0.00012
HD128801,G430L,stis,interp,,,1.0068,7.9889,20.61025,9.85012,,,,,,4.0404,38,0,673,2.53669,-0.3995,0.0,0.0,0.0
HD128801,G430L,stis_gauss,interp,,,0.92909,0.63751,10.30207,2.59108,5.0755,,,,,6.9137,38,1,673,1.0925,-0.3925,0.00134,0.0,0.00043
HD128801,G430L,stis_tophat,interp,,7.1197,0.94174,0.89365,10.90575,2.81934,,,,,,7.6188,38,1,673,1.13385,-0.3939,0.00034,0.0,4e-05
HD128801,G430L,stis05,interp,,,0.90109,2.42622,10.07805,4.08175,,,,,,4.0432,38,0,673,1.30646,-0.4093,0.02556,0.0,0.01794
HD128801,G430L,stis2,interp,,,1.19237,-2.5262,-8.39662,4.76427,,,,,,4.0453,38,0,673,1.6196,-0.4178,0.08753,0.04046,0.08038
HD128801,G430L,stis2_gauss,interp,,,1.19229,-2.52669,-8.3984,4.76468,0.0501,,,,,4.0462,38,1,673,1.61961,-0.418,0.08753,0.04046,0.08038
HD128801,G430L,stis2_tophat,interp,,0.05,1.19219,-2.52657,-8.40123,4.76504,,,,,,4.0453,38,1,673,1.6196,-0.4184,0.08753,0.04046,0.08038
HD128801,G430L,gauss,interp,,,0.93633,0.6555,10.88888,2.76394,,,6.9717,,,6.9719,38,1,673,1.12186,-0.3503,0.00073,0.0,0.00021
HD128801,G430L,moffat,interp,2.029,,0.87501,0.22295,8.92513,2.35725,,,5.0906,,,5.0906,38,2,673,1.01792,-0.3491,0.02107,0.00286,0.01631
HD128801,G430L,gauss2,interp,,,0.88992,0.21036,8.92089,2.23242,,0.166,,6.3922,879.9559,6.399,38,3,673,1.01422,-0.3563,0.02875,0.02443,0.02818
HD128801,G430L,gauss_tophat,interp,,0.155,0.93635,0.65498,10.88769,2.76387,,,6.9712,,,6.972,38,2,673,1.12186,-0.3502,0.00073,0.0,0.00021
HD128801,G750L,stis,rebin,,,1.05,3.74768,3.74768,3.74768,,,,,,8.0898,1,0,478,1.06282,-0.915,0.02536,0.0,0.0
HD128801,G750L,stis_gauss,rebin,,,0.93396,-3.00084,-3.00084,3.00084,9.3166,,,,,13.1874,1,1,478,0.94302,-1.0205,0.08609,0.00061,0.00084
HD128801,G750L,stis_tophat,rebin,,12.9211,0.94035,-3.01635,-3.01635,3.01635,,,,,,14.1926,1,1,478,0.94944,-1.0216,0.07466,5e-05,0.0001
HD128801,G750L,stis05,rebin,,,0.93269,0.22587,0.22587,0.22587,,,,,,8.0945,1,0,478,0.93177,-0.969,0.09263,0.01274,0.01404
HD128801,G750L,stis2,rebin,,,0.91312,-2.36379,-2.36379,2.36379,,,,,,8.0945,1,0,478,0.91854,-0.9885,0.13861,0.06272,0.06398
HD128801,G750L,stis2_gauss,rebin,,,0.91311,-2.36457,-2.36457,2.36457,0.1045,,,,,8.0978,1,1,478,0.91854,-0.9888,0.13861,0.06271,0.06397
HD128801,G750L,stis2_tophat,rebin,,0.1501,0.91311,-2.36438,-2.36438,2.36438,,,,,,8.098,1,1,478,0.91854,-0.9886,0.13861,0.06271,0.06397
HD128801,G750L,gauss,rebin,,,0.93504,-3.12933,-3.12933,3.12933,,,13.617,,,13.6172,1,1,478,0.94497,-0.9835,0.08376,0.00054,0.00073
HD128801,G750L,moffat,rebin,1.4252,,0.90328,-1.54785,-1.54785,1.54785,,,8.0768,,,8.0769,1,2,478,0.90511,-0.9204,0.1236,0.03635,0.03806
HD128801,G750L,gauss2,rebin,,,0.89959,-1.77775,-1.77775,1.77775,,0.1911,,9.3641,39.416,9.7147,1,3,478,0.90232,-0.9081,0.11476,0.04435,0.04651
HD128801,G750L,gauss_tophat,rebin,,0.2024,0.93504,-3.12903,-3.12903,3.12903,,,13.616,,,13.6169,1,2,478,0.94497,-0.9835,0.08375,0.00054,0.00073
HD128801,G750L,stis,interp,,,1.07903,5.26709,5.26709,5.26709,,,,,,8.0898,1,0,478,1.10449,-0.9035,0.02536,0.0,0.0
HD128801,G750L,stis_gauss,interp,,,0.9339,-2.99744,-2.99744,2.99744,9.8927,,,,,13.6427,1,1,478,0.94294,-1.0212,0.09485,0.00089,0.00119
HD128801,G750L,stis_tophat,interp,,13.6674,0.94206,-3.10414,-3.10414,3.10414,,,,,,14.7785,1,1,478,0.95172,-1.0239,0.08131,8e-05,0.00015
HD128801,G750L,stis05,interp,,,0.94581,1.49812,1.49812,1.49812,,,,,,8.0945,1,0,478,0.9473,-0.9575,0.09263,0.01274,0.01404
HD128801,G750L,stis2,interp,,,0.91667,-1.21913,-1.21913,1.21913,,,,,,8.0945,1,0,478,0.91741,-0.976,0.13861,0.06272,0.06398
HD128801,G750L,stis2_gauss,interp,,,0.91501,-1.60407,-1.60407,1.60407,1.9062,,,,,8.4062,1,1,478,0.91699,-0.9792,0.14005,0.06264,0.06391
HD128801,G750L,stis2_tophat,interp,,2.839,0.91494,-1.61768,-1.61768,1.61768,,,,,,8.4229,1,1,478,0.91697,-0.9793,0.14008,0.06262,0.0639
HD128801,G750L,gauss,interp,,,0.93499,-3.12577,-3.12577,3.12577,,,14.0168,,,14.017,1,1,478,0.94489,-0.9826,0.09296,0.00078,0.00104
HD128801,G750L,moffat,interp,1.5095,,0.90365,-1.39551,-1.39551,1.39551,,,8.8294,,,8.8295,1,2,478,0.90496,-0.9234,0.12999,0.03589,0.03768
HD128801,G750L,gauss2,interp,,,0.8996,-1.772,-1.772,1.772,,0.1905,,9.9492,39.5946,10.3378,1,3,478,0.90231,-0.9074,0.11971,0.04464,0.04679
HD128801,G750L,gauss_tophat,interp,,0.06,0.93499,-3.12522,-3.12522,3.12522,,,14.0163,,,14.0166,1,2,478,0.94489,-0.9828,0.09295,0.00078,0.00104
HD106304,G430L,stis,rebin,,,0.79234,4.33577,-25.35034,7.26813,,,,,,4.0404,39,0,674,1.91001,0.1078,0.0,0.0,0.0
HD106304,G430L,stis_gauss,rebin,,,0.83656,0.19637,-23.0069,4.74603,3.811,,,,,5.9217,39,1,674,1.40096,0.1091,0.00029,0.0,6e-05
HD106304,G430L,stis_tophat,rebin,,5.4077,0.83682,0.36078,-22.90595,4.81983,,,,,,6.2894,39,1,674,1.41561,0.1089,7e-05,0.0,1e-05
HD106304,G430L,stis05,rebin,,,0.78218,-0.94387,-25.54035,4.53437,,,,,,4.0432,39,0,674,1.32895,0.087,0.02556,0.0,0.01794
HD106304,G430L,stis2,rebin,,,1.10646,-5.84339,-25.48843,7.71599,,,,,,4.0453,39,0,674,2.14439,0.0868,0.08753,0.04046,0.08038
HD106304,G430L,stis2_gauss,rebin,,,1.10646,-5.84373,-25.48853,7.71628,0.05,,,,,4.0462,39,1,674,2.14445,0.0869,0.08753,0.04046,0.08038
HD106304,G430L,stis2_tophat,rebin,,0.05,1.10644,-5.84345,-25.48913,7.71604,,,,,,4.0453,39,1,674,2.14439,0.087,0.08753,0.04046,0.08038
HD106304,G430L,gauss,rebin,,,0.83996,0.22633,-22.70767,4.8713,,,6.1097,,,6.1098,39,1,674,1.42751,0.1478,0.00012,0.0,2e-05
HD106304,G430L,moffat,rebin,1.5337,,0.75166,-0.5366,-25.19219,4.43687,,,3.6449,,,3.6452,39,2,674,1.29282,0.1467,0.0246,0.0058,0.02038
HD106304,G430L,gauss2,rebin,,,0.74383,-0.3407,-24.37485,4.38506,,0.0567,,5.1328,43.6674,5.1587,39,3,674,1.27825,0.1477,0.03344,0.01592,0.03141
HD106304,G430L,gauss_tophat,rebin,,0.0597,0.83993,0.22689,-22.7081,4.87136,,,6.1093,,,6.1096,39,2,674,1.42751,0.1479,0.00012,0.0,2e-05
HD106304,G430L,stis,interp,,,0.79952,5.55835,-26.06957,8.62481,,,,,,4.0404,39,0,674,2.21507,0.1063,0.0,0.0,0.0
HD106304,G430L,stis_gauss,interp,,,0.83633,0.19463,-23.01638,4.74329,4.2468,,,,,6.2569,39,1,674,1.4003,0.109,0.00052,0.0,0.00013
HD106304,G430L,stis_tophat,interp,,5.9871,0.83702,0.43187,-22.84612,4.87056,,,,,,6.7223,39,1,674,1.42574,0.1083,0.00013,0.0,1e-05
HD106304,G430L,stis05,interp,,,0.76832,-0.02627,-26.23595,4.67995,,,,,,4.0432,39,0,674,1.35037,0.0853,0.02556,0.0,0.01794
HD106304,G430L,stis2,interp,,,1.10499,-5.10836,-26.1458,7.1367,,,,,,4.0453,39,0,674,2.02422,0.0873,0.08753,0.04046,0.08038
HD106304,G430L,stis2_gauss,interp,,,1.105,-5.10866,-26.14497,7.1369,0.05,,,,,4.0462,39,1,674,2.02427,0.0871,0.08753,0.04046,0.08038
HD106304,G430L,stis2_tophat,interp,,0.05,1.10497,-5.10839,-26.14631,7.13674,,,,,,4.0453,39,1,674,2.02422,0.0874,0.08753,0.04046,0.08038
HD106304,G430L,gauss,interp,,,0.8396,0.22702,-22.71784,4.86912,,,6.3899,,,6.39,39,1,674,1.42688,0.1477,0.00023,0.0,5e-05
HD106304,G430L,moffat,interp,1.6961,,0.75635,-0.55455,-25.15374,4.44988,,,4.1893,,,4.1894,39,2,674,1.29798,0.1453,0.02305,0.00451,0.01865
HD106304,G430L,gauss2,interp,,,0.74385,-0.34246,-24.37833,4.38393,,0.0565,,5.4681,43.8727,5.497,39,3,674,1.27803,0.1474,0.0334,0.01598,0.03138
HD106304,G430L,gauss_tophat,interp,,0.0596,0.83962,0.22646,-22.71739,4.86906,,,6.3899,,,6.3902,39,2,674,1.42688,0.1476,0.00023,0.0,5e-05
HD106304,G750L,stis,rebin,,,1.07203,4.13034,5.21196,4.26962,,,,,,8.0898,2,0,477,1.10493,-0.3845,0.02536,0.0,0.0
HD106304,G750L,stis_gauss,rebin,,,0.96529,-0.85109,-1.56417,1.11033,9.3201,,,,,13.1902,2,1,477,0.96594,-0.3883,0.08614,0.00062,0.00084
HD106304,G750L,stis_tophat,rebin,,12.9139,0.97227,-0.68608,-1.54985,1.10309,,,,,,14.187,2,1,477,0.97286,-0.3865,0.0746,5e-05,0.0001
HD106304,G750L,stis05,rebin,,,0.95829,1.03006,1.61495,1.18453,,,,,,8.0945,2,0,477,0.95935,-0.407,0.09263,0.01274,0.01404
HD106304,G750L,stis2,rebin,,,0.93968,-1.50195,-1.84907,1.54154,,,,,,8.0945,2,0,477,0.943,-0.4195,0.13861,0.06272,0.06398
HD106304,G750L,stis2_gauss,rebin,,,0.93968,-1.5019,-1.84871,1.54142,0.0535,,,,,8.0953,2,1,477,0.943,-0.4194,0.13861,0.06272,0.06398
HD106304,G750L,stis2_tophat,rebin,,0.1499,0.93968,-1.50208,-1.84865,1.54154,,,,,,8.098,2,1,477,0.943,-0.4194,0.13861,0.06271,0.06397
HD106304,G750L,gauss,rebin,,,0.96736,-0.90921,-1.69138,1.19936,,,13.6171,,,13.6173,2,1,477,0.96845,-0.3474,0.08376,0.00054,0.00073
HD106304,G750L,moffat,rebin,1.5058,,0.93211,-0.75351,-0.92786,0.77342,,,8.513,,,8.513,2,2,477,0.9315,-0.3518,0.12292,0.03374,0.03543
HD106304,G750L,gauss2,rebin,,,0.93138,-0.73139,-0.85914,0.74247,,0.1785,,9.9169,38.7531,10.2797,2,3,477,0.93067,-0.3486,0.11144,0.04003,0.04203
HD106304,G750L,gauss_tophat,rebin,,0.1557,0.96736,-0.90959,-1.69205,1.19983,,,13.6171,,,13.6177,2,2,477,0.96845,-0.3472,0.08377,0.00054,0.00073
HD106304,G750L,stis,interp,,,1.10338,5.01345,6.67126,5.28044,,,,,,8.0898,2,0,477,1.15293,-0.373,0.02536,0.0,0.0
HD106304,G750L,stis_gauss,interp,,,0.96522,-0.84954,-1.56114,1.10819,9.8961,,,,,13.6454,2,1,477,0.96586,-0.388,0.09491,0.0009,0.0012
HD106304,G750L,stis_tophat,interp,,13.6348,0.97452,-0.66675,-1.60886,1.15418,,,,,,14.7526,2,1,477,0.97534,-0.3852,0.08101,8e-05,0.00015
HD106304,G750L,stis05,interp,,,0.97127,1.75768,2.85055,2.06974,,,,,,8.0945,2,0,477,0.97846,-0.4005,0.09263,0.01274,0.01404
HD106304,G750L,stis2,interp,,,0.94255,-0.85263,-1.66512,1.17776,,,,,,8.0945,2,0,477,0.94366,-0.4165,0.13861,0.06272,0.06398
HD106304,G750L,stis2_gauss,interp,,,0.94038,-1.22827,-1.76827,1.34174,2.5374,,,,,8.6414,2,1,477,0.94242,-0.419,0.14119,0.06262,0.06391
HD106304,G750L,stis2_tophat,interp,,3.7609,0.94033,-1.23621,-1.76348,1.34396,,,,,,8.6777,2,1,477,0.94238,-0.4191,0.14122,0.0626,0.06389
HD106304,G750L,gauss,interp,,,0.96729,-0.90732,-1.6891,1.19767,,,14.0174,,,14.0175,2,1,477,0.96837,-0.3467,0.09298,0.00078,0.00104
HD106304,G750L,moffat,interp,1.6032,,0.93223,-0.746,-1.00181,0.78864,,,9.2707,,,9.2708,2,2,477,0.93167,-0.3506,0.12916,0.03306,0.03482
HD106304,G750L,gauss2,interp,,,0.93137,-0.73057,-0.85552,0.74118,,0.178,,10.4709,38.9366,10.8677,2,3,477,0.93066,-0.3483,0.11722,0.04031,0.04231
HD106304,G750L,gauss_tophat,interp,,0.061,0.96729,-0.9076,-1.68939,1.19789,,,14.0175,,,14.0178,2,2,477,0.96837,-0.3467,0.09298,0.00078,0.00104
