target,sptype,teff,vmag,in_miles,miles_id,miles_sep,miles_teff,miles_logg,miles_feh,miles_ebv,in_mastar,mastar_id,mastar_sep
BD+112998,F8,5876.,9.07,Y,BD+112998,0.39,5373.0,2.3,-1.36,0.024,N,,
BD+363168,C...,,8.02,N,,,,,,,N,,
BD+381670,G0,,9.45,N,,,,,,,N,,
BD+413306,K0V,5156.,8.83,N,,,,,,,N,,
BD+75D325,O5pv,,9.548,N,,,,,,,N,,
BD-122669,A5,6960.,10.235,Y,BD-122669,0.81,6910.0,4.0,-1.49,0.01,N,,
BD092860,,5926.,10.74,N,,,,,,,N,,
BD174708,sdF8,6174.,9.454,N,,,,,,,N,,
BD292091,F5,5803.,10.22,N,,,,,,,N,,
BD371458,G0,5463.,8.92,Y,BD+371458,0.81,5200.0,3.0,-2.1,0.037,N,,
BD413931,G5,5486.,10.33,N,,,,,,,N,,
BD423607,F3,5963.,10.13,N,,,,,,,N,,
BD442051,M2V,3741.,8.68,N,,,,,,,N,,
BD511696,sdG0,5776.,9.90,Y,BD+511696,2.2,5640.0,4.8,-1.37,0.005,N,,
BD592723,F2,6419.,10.47,Y,BD+592723,0.95,6112.0,4.17,-2.02,0.03,N,,
BD660268,G0,5453.,9.88,Y,BD+660268,3.44,5381.0,4.56,-1.98,0.0,N,,
BD720094,sdF2:,6286.,9.95,Y,BD+720094,0.58,6056.0,4.46,-1.71,0.135,N,,
CD-259286,A5,6426.,10.7,N,,,,,,,N,,
CD-3018140,F8,6334.,9.95,N,,,,,,,N,,
CD-621346,G5,5652.,9.85,N,,,,,,,N,,
CD-691618,B2p,,9.32,N,,,,,,,N,,
G019-013,K5V,4452.,7.73,N,,,,,,,N,,
G021-024,K5,4230.,8.81,N,,,,,,,N,,
G029-023,F5,6176.,10.19,N,,,,,,,N,,
G114-26,F3,6144.,9.648,Y,BD-032525,1.38,5750.0,3.6,-1.9,0.0,N,,
G115-58,sd:G,6156.,12.08,N,,,,,,,N,,
G12-21,F2,6034.,10.162,Y,HD106038,1.01,5940.0,4.32,-1.43,0.0,N,,
G13-35,sdF5,6164.,9.66,Y,HD108177,1.05,6065.0,4.26,-1.68,0.0,N,,
G169-28,,5749.,11.02,N,,,,,,,N,,
G17-25,F8,5289.,9.63,N,,,,,,,N,,
G18-39,G0,5952.,10.38,N,,,,,,,N,,
G18-54,sd:F7,5920.,10.75,N,,,,,,,N,,
G180-24,F5,6109.,9.85,N,,,,,,,N,,
G187-40,G0,5776.,10.45,N,,,,,,,N,,
G188-22,F8,5926.,10.15,N,,,,,,,N,,
G188-30,sd:G2,5497.,11.03,N,,,,,,,N,,
G192-43,sd:F2,6163.,10.32,N,,,,,,,N,,
G194-22,sdF6,6193.,9.71,Y,HD233511,1.34,5900.0,4.2,-1.7,0.0,N,,
G196-48,G,5704.,10.43,N,,,,,,,N,,
G20-15,F8,6089.,10.59,N,,,,,,,N,,
G202-65,sd:F3,6989.,11.06,N,,,,,,,N,,
G231-52,G1,5426.,10.39,N,,,,,,,N,,
G234-28,G0,6097.,11.07,N,,,,,,,N,,
G24-3,sd:F8,6053.,10.44,N,,,,,,,N,,
G243-62,K2,4693.,11.52,N,,,,,,,N,,
G260-36,K2,5057.,11.06,N,,,,,,,N,,
G262-14,G8,5085.,11.30,N,,,,,,,N,,
G63-26,sd:F,6123.,12.18,N,,,,,,,N,,
G88-27,sd:F8,6141.,10.727,N,,,,,,,N,,
GJ825,M0V,4015.,6.68,N,,,,,,,N,,
GL109,M3.5V,,10.58,N,,,,,,,N,,
GL15B,M3.5,3741.,11.04,N,,,,,,,N,,
HD000319,A1V,8195.,5.942,Y,HD000319,0.41,8140.0,3.8,-0.7,0.012,N,,
HD000358,B8IVmnp...,,2.06,N,,,,,,,N,,
HD000886,B2IV,,2.83,Y,HD000886,0.01,21581.0,3.86,0.06,0.015,N,,
HD001461,G0V,5790.,6.46,Y,HD001461,1.89,5808.0,4.39,0.2,0.044,N,,
HD002665,G5IIIw,5082.,7.75,Y,HD002665,0.14,5013.0,2.35,-1.96,0.051,N,,
HD002857,A2,7708.,9.95,Y,HD002857,0.19,7450.0,2.6,-1.6,,N,,
HD003360,B2IV,,3.666,Y,HD003360,0.05,21170.0,3.92,0.12,0.043,N,,
HD003712,K0IIIa,4603.,2.252,N,,,,,,,N,,
HD004128,K0III,4815.,2.04,N,,,,,,,N,,
HD004727,B5V+...,,4.524,N,,,,,,,N,,
HD004813,F7IV-V,6252.,5.19,N,,,,,,,N,,
HD005256,G5,5176.,8.767,N,,,,,,,N,,
HD005395,G8IIIb,4808.,4.632,Y,HD005395,0.39,4797.0,2.55,-0.7,0.0,N,,
HD005544,K0IIIp...,4474.,7.64,N,,,,,,,N,,
HD005916,G8III-IV,4926.,6.874,Y,HD005916,0.45,4863.0,2.5,-0.8,0.0,N,,
HD006229,G5IIIw,5489.,8.60,Y,HD006229,0.2,5133.0,2.39,-1.08,0.0,N,,
HD006734,K0IV,4904.,6.46,N,,,,,,,N,,
HD006755,F8V,5064.,7.73,Y,HD006755,1.17,5102.0,2.4,-1.41,0.06,N,,
HD008491,K0III,4688.,4.731,N,,,,,,,N,,
HD008724,G5,4552.,8.34,Y,HD008724,0.21,4688.0,1.49,-1.69,0.02,N,,
HD008890,F7:Ib-IIv,,2.005,N,,,,,,,N,,
HD009051,G7IIIw...,4842.,8.92,N,,,,,,,N,,
HD010380,K3IIIb,4063.,4.448,Y,HD010380,0.05,4057.0,1.43,-0.25,0.025,N,,
HD010780,K0V,5357.,5.63,Y,HD010780,2.88,5392.0,4.6,0.1,,N,,
HD012533,K3IIb...,4225.,2.26,N,,,,,,,N,,
HD013520,K4III,3920.,4.844,Y,HD013520,0.06,3961.0,1.55,0.3,0.02,N,,
HD015089,A5p...,8823.,4.53,N,,,,,,,N,,
HD016031,F0V,6299.,9.78,Y,HD016031,0.31,6030.0,4.05,-1.72,0.0,N,,
HD017072,G2w...,5709.,6.593,N,,,,,,,N,,
HD017081,B7IV,13057.,4.235,Y,HD017081,0.18,13320.0,3.64,0.03,0.0,N,,
HD017361,K1.5III,4603.,4.51,Y,HD017361,0.31,4551.0,2.44,0.04,0.02,N,,
HD017925,K1V,5208.,6.00,N,,,,,,,N,,
HD018078,A0p,7404.,8.30,N,,,,,,,N,,
HD018769,A3m,8382.,5.919,N,,,,,,,N,,
HD018907,G5IV,5309.,5.85,Y,HD018907,2.1,5009.0,3.6,-0.75,0.069,N,,
HD019019,F8,6197.,6.76,N,,,,,,,N,,
HD019308,G0,5842.,7.360,N,,,,,,,N,,
HD019445,A4p,6200.,8.05,Y,HD019445,1.82,5918.0,4.35,-2.05,0.0,N,,
HD019656,K0III,4563.,4.614,N,,,,,,,N,,
HD019787,K2III,4771.,4.350,N,,,,,,,N,,
HD020039,F8,5200.,8.861,N,,,,,,,N,,
HD020630,G5Vv,5687.,4.83,Y,HD020630,1.03,5591.0,4.4,0.03,0.0,N,,
HD021742,K1IV,5342.,8.058,N,,,,,,,N,,
HD022049,K2V,5130.,3.73,Y,HD022049,1.69,5052.0,4.57,-0.15,0.003,N,,
HD022484,F9IV-V,6141.,4.28,Y,HD022484,2.09,5993.0,4.03,-0.1,0.0,N,,
HD023439,K1V,5249.,8.18,N,,,,,,,N,,
HD025329,K1V...,4930.,8.504,Y,HD025329,4.59,4787.0,4.58,-1.72,0.0,N,,
HD025893,G5,5342.,7.08,N,,,,,,,N,,
HD025975,K1III,4942.,6.09,N,,,,,,,N,,
HD026297,G5/G6IVw,4423.,7.47,Y,HD026297,0.06,4316.0,1.06,-1.67,0.017,N,,
HD026630,G0Ib,4542.,4.18,N,,,,,,,N,,
HD027295,B9IV,11548.,5.490,Y,HD027295,0.2,11704.0,3.93,-0.74,0.0,N,,
HD028946,K0,5389.,7.93,Y,HD028946,0.69,5162.0,4.39,-0.26,0.001,N,,
HD028978,A2Vs,8749.,5.681,Y,HD028978,0.04,9164.0,3.7,0.14,0.117,N,,
HD029391,F0V,7522.,5.223,N,,,,,,,N,,
HD029574,G9IIIw...,4049.,8.38,N,,,,,,,N,,
HD030614,O9.5Iae,,4.301,N,,,,,,,N,,
HD030834,K3III,4008.,4.787,Y,HD030834,0.05,4115.0,1.73,-0.21,0.026,N,,
HD031219,F8,6087.,8.118,N,,,,,,,N,,
HD031421,K2IIIb,4434.,4.087,N,,,,,,,N,,
HD033793,M1V,,8.89,N,,,,,,,N,,
HD034078,O9.5Ve...,,5.998,N,,,,,,,N,,
HD034797,B8/B9IV:,12884.,6.54,N,,,,,,,N,,
HD034816,B0.5IV,,4.270,N,,,,,,,N,,
HD036702,K0,4319.,8.38,N,,,,,,,N,,
HD036960,B0.5V,,4.78,N,,,,,,,N,,
HD037202,B2IV,,3.03,N,,,,,,,N,,
HD037216,G5,5437.,7.84,N,,,,,,,N,,
HD037763,K2III,4597.,5.17,N,,,,,,,N,,
HD037828,K0,4359.,6.877,Y,HD037828,0.35,4296.0,1.14,-1.38,0.02,N,,
HD038237,A3,8100.,7.7,N,,,,,,,N,,
HD038510,F5/F6V,5897.,8.25,N,,,,,,,N,,
HD039587,G0V,6057.,4.41,N,,,,,,,N,,
HD039833,G0III,5926.,7.66,Y,HD039833,0.32,5761.0,3.85,0.29,0.01,N,,
HD040573,A0,10200.,7.46,N,,,,,,,N,,
HD041357,A4m,7578.,5.353,N,,,,,,,N,,
HD041661,F2,6360.,7.44,N,,,,,,,N,,
HD041667,G8V,4623.,8.52,N,,,,,,,N,,
HD043042,F6V,6542.,5.20,Y,HD043042,0.39,6569.0,4.22,0.08,0.0,N,,
HD044007,G5IV:w...,4930.,8.06,Y,HD044007,0.26,4969.0,2.26,-1.47,0.0,N,,
HD045282,G0,5199.,8.02,Y,HD045282,0.24,5348.0,3.24,-1.44,0.0,N,,
HD046703,F7IVw,6484.,9.09,Y,HD046703,0.1,6000.0,0.4,-1.62,0.1,N,,
HD047839,O7Ve,,4.66,N,,,,,,,N,,
HD048279,O8V,,7.98,N,,,,,,,N,,
HD050420,A9III,7167.,6.161,Y,HD050420,0.01,7412.0,3.4,0.3,0.036,N,,
HD052089,B2Iab:,,1.513,N,,,,,,,N,,
HD052973,G0Ibv,,4.01,Y,HD052973,0.14,5659.0,1.37,0.34,0.202,N,,
HD055057,F2V,7289.,5.437,N,,,,,,,N,,
HD055496,GII:wp...,4978.,8.40,Y,HD055496,0.03,4800.0,2.8,-1.55,0.02,N,,
HD057060,O7e...,,4.98,Y,HD057060,0.04,35950.0,3.2,,0.17,N,,
HD057061,O9Ib,,4.39,Y,HD057061,0.05,32300.0,3.0,,0.142,N,,
HD057727,G8III,4942.,5.035,N,,,,,,,N,,
HD058343,B2Vne,,5.20,N,,,,,,,N,,
HD058551,F6V,6311.,6.54,Y,HD058551,1.21,6165.0,4.18,-0.55,0.0,N,,
HD059612,A6Ib/II,,4.84,Y,HD059612,0.04,8330.0,1.45,0.08,0.092,N,,
HD060319,F8,5926.,8.95,N,,,,,,,N,,
HD061064,F6III,6600.,5.143,Y,HD061064,0.36,6495.0,3.2,0.4,0.02,N,,
HD061603,K5III,3841.,5.932,Y,HD061603,0.2,3870.0,1.5,0.24,0.038,N,,
HD062412,K1III,4876.,5.635,N,,,,,,,N,,
HD063077,G0V,5926.,5.37,N,,,,,,,N,,
HD063700,G6Ia,4498.,3.337,N,,,,,,,N,,
HD063791,G0,4778.,7.92,Y,HD063791,0.24,4629.0,1.76,-1.63,0.03,N,,
HD064412,G0,5742.,8.757,N,,,,,,,N,,
HD065228,F7/F8II,5926.,4.204,Y,HD065228,0.1,6115.0,1.7,0.52,0.143,N,,
HD065354,K3III,3897.,6.842,N,,,,,,,N,,
HD065714,G8III,4882.,5.868,Y,HD065714,0.09,4840.0,1.5,0.27,0.038,N,,
HD067390,F2,7193.,9.45,N,,,,,,,N,,
HD068988,G0,5897.,8.20,N,,,,,,,N,,
HD071160,K3/K4III,3949.,8.00,N,,,,,,,N,,
HD072184,K2III,4620.,5.90,Y,HD072184,0.88,4624.0,2.61,0.12,0.002,N,,
HD072324,G9III,4793.,6.341,Y,HD072324,0.37,4887.0,2.13,0.16,0.011,N,,
HD072505,K0III,4519.,6.256,N,,,,,,,N,,
HD072968,A1spe...,9253.,5.72,N,,,,,,,N,,
HD073710,G9III,4897.,6.43,N,,,,,,,N,,
HD074088,K4III,3740.,6.74,N,,,,,,,N,,
HD074721,A0V,8774.,8.71,Y,HD074721,0.43,8560.0,3.57,-1.42,0.032,N,,
HD076291,K1IV,4534.,5.733,N,,,,,,,N,,
HD076932,F7-8IV-V,6034.,5.86,Y,HD076932,1.26,5866.0,3.96,-0.93,0.0,N,,
HD078316,B8IIImnp,12442.,5.236,N,,,,,,,N,,
HD078362,Am,7120.,4.648,N,,,,,,,N,,
HD078479,K3III,4476.,7.189,N,,,,,,,N,,
HD079158,B8IIIp,,5.289,N,,,,,,,N,,
HD079349,K7IV,3834.,8.52,N,,,,,,,N,,
HD079469,B9.5V,10489.,3.88,N,,,,,,,N,,
HD080607,G5,5511.,9.070,N,,,,,,,N,,
HD081797,K3II-III,4188.,2.004,Y,HD081797,0.05,4120.0,1.54,-0.06,0.012,N,,
HD082395,K0III,4664.,4.973,N,,,,,,,N,,
HD082734,K0III,4949.,5.008,Y,HD082734,0.09,4709.0,2.65,0.3,0.031,N,,
HD083212,G8IIIw...,4448.,8.34,Y,HD083212,0.02,4600.0,1.3,-1.4,0.025,N,,
HD085380,F8V,6142.,6.42,N,,,,,,,N,,
HD086322,K1III,4687.,6.894,N,,,,,,,N,,
HD086986,A1V,8230.,8.01,Y,HD086986,1.06,7832.0,3.14,-1.4,0.03,N,,
HD087140,K0,5093.,9.00,Y,HD087140,0.25,5099.0,2.76,-1.7,0.0,N,,
HD087737,A0Ib,,3.511,Y,HD087737,0.01,9730.0,1.97,-0.04,0.0,N,,
HD090862,K2,3937.,8.67,N,,,,,,,N,,
HD091316,B1Iab,,3.842,N,,,,,,,N,,
HD093329,A0,8323.,8.76,Y,HD093329,0.54,8075.0,2.8,-1.48,0.025,N,,
HD093813,K0/K1III,4264.,3.11,N,,,,,,,N,,
HD094028,F4V,6104.,8.23,Y,HD094028,1.08,5941.0,4.21,-1.49,0.0,N,,
HD095241,F9V,6034.,6.035,N,,,,,,,N,,
HD095418,A1V,,2.346,N,,,,,,,N,,
HD095735,M2V,,7.49,N,,,,,,,N,,
HD095849,K3III,4459.,5.943,N,,,,,,,N,,
HD096446,B2IIIp,,6.683,N,,,,,,,N,,
HD097633,A2V,9107.,3.324,Y,HD097633,0.33,9509.0,3.45,0.28,0.007,N,,
HD099648,G8Iab:,4811.,4.950,Y,HD099648,0.05,4850.0,1.9,0.36,0.051,N,,
HD101013,G9III:,4837.,6.124,N,,,,,,,N,,
HD101107,F2II-III,6937.,5.573,N,,,,,,,N,,
HD102212,M1III,3800.,4.050,N,,,,,,,N,,
HD102780,K2,3669.,8.18,N,,,,,,,N,,
HD103036,G3Ibpv,4282.,8.18,N,,,,,,,N,,
HD105452,F0IV/V,7120.,4.00,Y,HD105452,0.35,7003.0,4.1,-0.6,0.028,N,,
HD105546,G2IIIw,5123.,8.61,Y,HD105546,0.13,5125.0,2.1,-1.5,0.0,N,,
HD105740,G5,4642.,8.38,Y,HD105740,0.31,4700.0,2.5,-0.51,0.0,N,,
HD106304,B9V,9376.,9.07,N,,,,,,,N,,
HD106516,F5V,6310.,6.11,Y,HD106516,4.57,6199.0,4.36,-0.73,0.0,N,,
HD107582,G2V,5642.,8.20,N,,,,,,,N,,
HD108945,A2pv,8642.,5.440,N,,,,,,,N,,
HD109387,B6IIIpe,,3.881,N,,,,,,,N,,
HD109995,A0p,8251.,7.598,Y,HD109995,0.68,8300.0,3.5,-1.99,0.0,N,,
HD110073,B8II/III,12041.,4.627,N,,,,,,,N,,
HD110885,G0,5823.,9.14,Y,HD110885,0.2,5253.0,2.4,-1.53,0.016,N,,
HD111464,K3III,4004.,6.622,N,,,,,,,N,,
HD111515,G8V,5549.,8.10,N,,,,,,,N,,
HD111721,G6V,4911.,7.97,N,,,,,,,N,,
HD111786,A0III,7598.,6.145,Y,HD111786,0.28,7450.0,3.93,-1.6,0.023,N,,
HD112413,A0spe...,11687.,2.90,Y,HD112413,1.01,9944.0,3.85,0.31,0.005,N,,
HD113002,K0,5342.,8.76,N,,,,,,,N,,
HD113092,K2III,4203.,5.378,Y,HD113092,0.51,4283.0,1.95,-0.37,0.024,N,,
HD114330,A1IVs+...,9289.,4.381,Y,HD114330,0.07,9509.0,3.8,-0.01,0.022,N,,
HD114710,G0V,6142.,4.26,Y,HD114710,4.25,5975.0,4.4,0.09,0.013,N,,
HD115617,G5V,5557.,4.74,Y,HD115617,3.16,5531.0,4.32,-0.01,0.0,N,,
HD117880,B9IV/V,9426.,9.06,N,,,,,,,N,,
HD118055,K0w...,4320.,8.89,Y,HD118055,0.07,4202.0,0.71,-1.91,0.03,N,,
HD119971,K2III,4034.,5.467,N,,,,,,,N,,
HD121146,K2IV,4387.,6.402,N,,,,,,,N,,
HD122064,K3V,4908.,6.494,N,,,,,,,N,,
HD122956,G6IV/Vw...,4625.,7.25,Y,HD122956,0.14,4635.0,1.49,-1.75,0.0,N,,
HD123657,M4.5:III,,5.22,Y,HD123657,0.08,3484.0,0.85,0.0,0.0,N,,
HD124186,K4III,4420.,6.139,Y,HD124186,0.23,4347.0,2.1,0.24,0.0,N,,
HD124425,F7Vw,6389.,5.90,N,,,,,,,N,,
HD124547,K3III,4084.,4.813,N,,,,,,,N,,
HD126327,M7.5,,7.97,Y,HD126327,0.28,3000.0,0.0,-0.58,0.0,N,,
HD126511,G5,5486.,8.359,N,,,,,,,N,,
HD126614,K0,5437.,8.7,Y,HD126614,0.94,5500.0,4.2,0.55,0.055,N,,
HD126661,F0m,7757.,5.406,N,,,,,,,N,,
HD128000,K5III,3837.,5.737,N,,,,,,,N,,
HD128279,G0,5456.,7.97,N,,,,,,,N,,
HD128801,B9,10123.,8.73,Y,HD128801,0.4,10250.0,3.4,-1.2,0.026,N,,
HD128987,G6V,5537.,7.24,N,,,,,,,N,,
HD131873,K4III,3926.,2.078,N,,,,,,,N,,
HD132345,K3IIICN...,4442.,5.865,Y,HD132345,0.57,4374.0,1.6,0.25,0.0,N,,
HD132475,F5/F6V,5687.,8.57,Y,HD132475,1.38,5545.0,3.72,-1.6,0.0,N,,
HD134113,F9V,5820.,8.26,N,,,,,,,N,,
HD134439,K0/K1V,5130.,9.066,N,,,,,,,N,,
HD134440,K0V:,4970.,9.426,N,,,,,,,N,,
HD136726,K4III,4093.,5.024,Y,HD136726,0.1,4159.0,1.91,0.13,0.07,N,,
HD137759,K2III,4563.,3.310,Y,HD137759,0.09,4498.0,2.38,0.05,0.0,N,,
HD137909,F0p,7663.,3.68,Y,HD137909,0.82,8541.0,4.25,0.82,0.079,N,,
HD138716,K1IV,4771.,4.61,N,,,,,,,N,,
HD138749,B6Vnne,14141.,4.153,N,,,,,,,N,,
HD140232,A2m,8157.,5.804,N,,,,,,,N,,
HD141795,A2m,8419.,3.713,N,,,,,,,N,,
HD141851,A3Vn,8231.,5.10,Y,HD141851,0.24,8246.0,3.89,-2.0,0.123,N,,
HD142091,K1IVa,4749.,4.82,N,,,,,,,N,,
HD142703,A2Ib/II,7337.,6.123,Y,HD142703,0.4,7220.0,3.89,-1.02,0.036,N,,
HD142860,F6IV,6397.,3.85,Y,HD142860,2.85,6272.0,4.17,-0.16,0.0,N,,
HD142926,B9pe,11908.,5.74,N,,,,,,,N,,
HD143107,K2III,4303.,4.143,N,,,,,,,N,,
HD143459,A0Vs,9878.,5.530,Y,HD143459,0.07,8842.0,3.55,-1.26,0.106,N,,
HD145328,K1III-IV,4764.,4.76,N,,,,,,,N,,
HD146051,M0.5III,3667.,2.74,Y,HD146051,0.62,3793.0,1.4,0.32,0.0,N,,
HD146233,G2Va,5842.,5.50,N,,,,,,,N,,
HD147394,B5IV,,3.89,N,,,,,,,N,,
HD147550,B9V,10074.,6.245,N,,,,,,,N,,
HD148293,K2III,4642.,5.272,N,,,,,,,N,,
HD148513,K4III,4003.,5.401,Y,HD148513,0.29,3989.0,1.67,0.11,0.0,N,,
HD149161,K4III,3884.,4.84,Y,HD149161,0.34,3927.0,1.39,-0.17,0.0,N,,
HD149382,B5,,8.90,Y,HD149382,0.15,36000.0,5.5,-1.3,0.076,N,,
HD155763,B6III,,3.174,Y,HD155763,0.05,13397.0,4.24,-0.95,0.03,N,,
HD156283,K3Iab:,4133.,3.156,Y,HD156283,0.07,4163.0,1.42,-0.07,0.196,N,,
HD157244,K3Ib-II,4206.,2.832,N,,,,,,,N,,
HD159181,G2Iab:,4542.,2.79,N,,,,,,,N,,
HD160346,K3V,5004.,6.52,N,,,,,,,N,,
HD160762,B3IV,,3.794,Y,HD160762,0.14,19000.0,3.75,0.1,0.022,N,,
HD160922,F5V,6600.,4.80,N,,,,,,,N,,
HD161770,G0,5818.,9.66,N,,,,,,,N,,
HD163346,A3,5597.,6.79,N,,,,,,,N,,
HD163641,B9III,11482.,6.285,N,,,,,,,N,,
HD163810,G3V,5876.,9.62,N,,,,,,,N,,
HD164058,K5III,3896.,2.23,Y,HD164058,0.1,3902.0,1.32,-0.05,0.0,N,,
HD164257,A0,7977.,6.7,N,,,,,,,N,,
HD164353,B5Ib,,3.974,Y,HD164353,0.0,13493.0,2.4,,0.19,N,,
HD164402,B0Iab/Ib,,5.749,N,,,,,,,N,,
HD164967,A0,8534.,7.0,N,,,,,,,N,,
HD165195,K3p,4060.,7.34,Y,HD165195,0.2,4471.0,1.11,-2.15,0.095,N,,
HD165341,K0V,5319.,4.03,Y,HD165341,1.57,5158.0,4.67,0.03,0.031,N,,
HD166208,G8IIICN...,5107.,5.011,Y,HD166208,0.25,4919.0,2.52,0.08,0.026,N,,
HD166229,K2.5III,4576.,5.48,N,,,,,,,N,,
HD166283,A0,8289.,7.77,N,,,,,,,N,,
HD166991,A2,8497.,6.821,N,,,,,,,N,,
HD167006,M3III,3536.,4.994,Y,HD167006,0.07,3640.0,0.7,0.0,0.0,N,,
HD167105,A0,8574.,8.93,Y,HD167105,0.27,8550.0,3.3,-1.84,0.038,N,,
HD167278,F2,6609.,7.67,N,,,,,,,N,,
HD167946,A0,10634.,7.35,N,,,,,,,N,,
HD169191,K3III,4245.,5.261,N,,,,,,,N,,
HD170737,G8III-IV,4942.,8.13,Y,HD170737,0.45,5150.0,3.0,-0.67,0.025,N,,
HD170756,F4Ibpv,6252.,7.63,N,,,,,,,N,,
HD170973,A0sp...,10676.,6.414,N,,,,,,,N,,
HD172230,A5,7542.,7.1,N,,,,,,,N,,
HD172506,F2,7226.,7.95,N,,,,,,,N,,
HD173158,K0,3856.,7.93,N,,,,,,,N,,
HD173819,K0Ibpv,3714.,5.41,Y,HD173819,0.26,4421.0,0.0,-0.88,0.26,N,,
HD174240,A1V,9274.,6.236,N,,,,,,,N,,
HD174959,B6IV,14123.,6.090,Y,HD174959,0.06,14681.0,4.0,-0.8,0.04,N,,
HD174966,A3,7693.,7.72,N,,,,,,,N,,
HD175156,B3II,,5.098,N,,,,,,,N,,
HD175305,G5III,5037.,7.20,Y,HD175305,0.69,4899.0,2.3,-1.43,0.0,N,,
HD175545,K2III,4420.,7.40,N,,,,,,,N,,
HD175640,B9III,11237.,6.198,Y,HD175640,0.05,12050.0,3.9,-0.43,0.044,N,,
HD175674,K3IIICN...,4242.,6.64,N,,,,,,,N,,
HD175805,F8,6274.,7.66,N,,,,,,,N,,
HD175865,M5III,,4.20,Y,HD175865,0.22,3420.0,0.5,0.14,0.0,N,,
HD176232,F0spe...,7615.,5.913,Y,HD176232,0.12,7701.0,4.09,0.06,0.055,N,,
HD176437,B9III,,3.24,Y,HD176437,0.02,10282.0,3.5,0.2,0.02,N,,
HD181720,G1V,5709.,7.86,N,,,,,,,N,,
HD183324,A0V,8673.,5.793,Y,HD183324,0.1,9260.0,4.22,-1.5,0.028,N,,
HD183915,Kp,4319.,7.29,N,,,,,,,N,,
HD184266,F2V,6109.,7.57,N,,,,,,,N,,
HD185144,K0V,5293.,4.70,Y,HD185144,3.59,5260.0,4.55,-0.24,0.007,N,,
HD185351,G9IIIbCN...,4904.,5.180,Y,HD185351,0.34,4918.0,3.03,-0.07,0.0,N,,
HD187111,G8wv...,4423.,7.75,Y,HD187111,0.24,4259.0,0.58,-1.83,0.0,N,,
HD187879,B1III+...,,5.680,Y,HD187879,0.0,19676.0,3.4,1.25,0.22,N,,
HD188262,G0,,7.74,N,,,,,,,N,,
HD190073,A2IVe,,7.82,N,,,,,,,N,,
HD190360,G6IV+...,5531.,5.71,Y,HD190360,4.06,5441.0,3.89,0.25,0.0,N,,
HD190404,K1V,5110.,7.28,Y,HD190404,3.08,5051.0,4.45,-0.17,0.0,N,,
HD191026,K0IV,5149.,5.36,Y,HD191026,1.11,5050.0,3.49,-0.1,0.0,N,,
HD191277,K3III,4476.,5.415,N,,,,,,,N,,
HD193281,A2III,8249.,6.30,Y,HD193281,0.01,8080.0,3.58,-1.0,0.065,N,,
HD193495,K0:II:+...,,3.08,N,,,,,,,N,,
HD194093,F8Iab:,,2.237,N,,,,,,,N,,
HD194453,A0,10241.,6.753,N,,,,,,,N,,
HD195434,K0,5152.,11.01,N,,,,,,,N,,
HD196218,F8,6367.,7.44,N,,,,,,,N,,
HD196426,B8IIIp,12800.,6.206,N,,,,,,,N,,
HD196662,B7III,14204.,5.244,N,,,,,,,N,,
HD196725,K3Iab:,4003.,5.705,N,,,,,,,N,,
HD196892,F6V,6086.,8.23,N,,,,,,,N,,
HD197177,G8IIb,4748.,5.51,Y,HD197177,0.06,5150.0,2.3,0.64,0.006,N,,
HD198809,G7III,5291.,4.576,N,,,,,,,N,,
HD200081,G0,5120.,7.95,N,,,,,,,N,,
HD200905,K4.5Ib-II,3793.,3.723,Y,HD200905,0.12,3899.0,0.91,-0.2,0.095,N,,
HD201091,K5V,4404.,5.21,N,,,,,,,N,,
HD201377,A3,8084.,6.659,N,,,,,,,N,,
HD201601,A9p,7631.,4.712,Y,HD201601,0.71,7657.0,3.92,0.07,0.006,N,,
HD203638,K0III,4520.,5.372,Y,HD203638,0.57,4500.0,2.72,0.02,0.01,N,,
HD204041,A1IV,8260.,6.468,Y,HD204041,0.14,8100.0,4.03,-0.98,0.025,N,,
HD204155,G5,5787.,8.47,Y,HD204155,1.24,5608.0,4.24,-0.9,0.0,N,,
HD204543,G0,4667.,8.60,Y,HD204543,0.1,4617.0,1.31,-1.76,0.01,N,,
HD204867,G0Ib,,2.91,N,,,,,,,N,,
HD205202,F2,6564.,8.101,N,,,,,,,N,,
HD205811,A2V,9287.,6.178,N,,,,,,,N,,
HD206778,K2Ib,4095.,2.404,Y,HD206778,0.02,4461.0,1.2,0.04,0.287,N,,
HD210745,K1.5Iab:,4003.,3.359,Y,HD210745,0.07,4274.0,-0.2,0.22,0.195,N,,
HD210807,G7II-III,4926.,4.801,N,,,,,,,N,,
HD212516,K5,3578.,8.72,N,,,,,,,N,,
HD212593,B9Iab,,4.599,N,,,,,,,N,,
HD215665,G8Iab:,4752.,3.961,N,,,,,,,N,,
HD217107,G8IV,5631.,6.180,Y,HD217107,0.05,5548.0,4.28,0.31,0.019,N,,
HD217357,K5V,4153.,7.89,N,,,,,,,N,,
HD221377,F7Vw,6556.,7.57,Y,HD221377,0.49,5998.0,3.8,-1.12,0.005,N,,
HD222404,K1IV,4790.,3.225,Y,HD222404,0.53,4769.0,2.98,-0.01,0.0,N,,
HD224801,B9p...,11757.,6.353,N,,,,,,,N,,
HD224926,B7III-IV,13499.,5.119,N,,,,,,,N,,
HD232078,K3IIp,3640.,8.62,Y,HD232078,0.04,3983.0,0.3,-1.73,0.629,N,,
HD284248,F2,6171.,9.22,Y,HD284248,1.15,6025.0,4.2,-1.6,0.0,N,,
HD345957,G0Vw,5920.,8.93,Y,HD345957,0.42,5702.0,3.87,-1.51,0.0,N,,
HR0753,K3V,4882.,5.82,N,,,,,,,N,,
HR8086,K7V,4230.,6.03,N,,,,,,,N,,
LHS10,M5.5,,11.99,N,,,,,,,N,,
LHS482,sdM1.5,,11.97,N,,,,,,,N,,
MMJ6476,A7.2:m...,,10.9,N,,,,,,,N,,
MMJ6490,A2V,,10.8,N,,,,,,,N,,
VBNVUL,A9.2,6937.,10.8,N,,,,,,,N,,
VGKCOM,M3,,6.992,N,,,,,,,N,,
VIWCOM,,,,N,,,,,,,N,,
