target,file,ra,dec,hipparcos,obsdate,sptype,bmag,vmag,teff,logg,logz,alpha,fit_quality,fit_rms,offset_px,dataqual,minwave,maxwave,maxflux
BD+112998,h_stis_ngsl_bd+112998_v2.fits,247.569828987,10.997630909,80822,2004-04-10,F8,9.70,9.07,5876.,2.8,-0.6,n,1,0.022,-0.335,good,1675.51397211,10198.7065634,9.43783e-13
BD+363168,h_stis_ngsl_bd+363168_v2.fits,278.083611943,36.9987913701,90883,2004-06-08,C...,11.69,8.02,,,,,3,,-0.05,good,1675.71706922,10198.8602186,4.05693e-11
BD+381670,h_stis_ngsl_bd+381670_v2.fits,105.770192104,38.14198077,33982,2003-10-29,G0,10.09,9.45,,,,,,,-0.46,good,1675.37680935,10195.9953637,7.19106e-13
BD+413306,h_stis_ngsl_bd+413306_v2.fits,289.752446593,41.6338746227,94931,2004-02-12,K0V,9.67,8.83,5156.,4.5,-0.3,n,1,0.027,0.345,good,1676.37175165,10195.1347301,1.14918e-12
BD+75D325,h_stis_ngsl_bd+75d325_v2.fits,122.706214064,74.9660885368,40047,2003-01-15,O5pv,9.214,9.548,,,,,,,0.0,good,1676.13902539,10196.8886135,3.60288e-11
BD-122669,h_stis_ngsl_bd-122669_v2.fits,131.664709177,-13.3571560289,43099,2002-02-08,A5,10.545,10.235,6960.,4.1,-1.9,a,1,0.018,0.62,good,1675.25992335,10197.8917031,4.65109e-13
BD092860,h_stis_ngsl_bd092860_v2.fits,213.332296086,8.61109304655,69468,2002-01-06,,11.27,10.74,5926.,3.5,-0.7,a,1,0.030,0.935,suspect,1675.85923862,10199.0601924,1.69229e-13
BD174708,h_stis_ngsl_bd174708_v2.fits,332.881027571,18.0928446439,109558,2001-12-31,sdF8,9.886,9.454,6174.,3.8,-1.9,a,1,0.018,0.835,good,1676.08762364,10195.2363133,7.44564e-13
BD292091,h_stis_ngsl_bd292091_v2.fits,161.846635468,28.3983647635,52771,2002-02-17,F5,10.72,10.22,5803.,4.6,-2.0,a,1,0.017,0.87,good,1676.30793779,10197.1509061,3.2645e-13
BD371458,h_stis_ngsl_bd371458_v2.fits,94.0063942917,37.7216684323,29759,2002-01-22,G0,9.51,8.92,5463.,3.1,-2.0,a,1,0.015,0.93,suspect,1676.19716351,10196.7669475,1.03674e-12
BD413931,h_stis_ngsl_bd413931_v2.fits,313.819853055,42.2999572721,103269,2002-02-16,G5,10.86,10.33,5486.,4.7,-1.8,a,1,0.019,0.775,good,1676.27438293,10199.2227127,3.10861e-13
BD423607,h_stis_ngsl_bd423607_v2.fits,302.255996794,42.8654670555,99267,2002-01-27,F3,10.61,10.13,5963.,4.5,-2.0,a,1,0.022,0.94,suspect,1675.58110939,10196.1824261,3.55547e-13
BD442051,h_stis_ngsl_bd442051_v2.fits,166.365452978,43.5273561028,54211,2002-02-22,M2V,10.22,8.68,3741.,4.9,-0.3,n,2,0.072,-0.115,good,1675.71758036,10199.3930424,2.73746e-12
BD511696,h_stis_ngsl_bd511696_v2.fits,176.645653686,50.8815207008,57450,2002-02-26,sdG0,10.45,9.90,5776.,4.5,-1.3,a,1,0.020,0.845,good,1675.38236006,10197.6441207,4.52074e-13
BD592723,h_stis_ngsl_bd592723_v2.fits,351.637368523,60.6285657373,115704,2002-01-16,F2,10.92,10.47,6419.,4.4,-2.0,a,1,0.020,0.695,good,1675.69324666,10197.7622403,2.99518e-13
BD660268,h_stis_ngsl_bd660268_v2.fits,52.8242819295,66.72963193,16404,2002-02-23,G0,10.53,9.88,5453.,4.7,-1.8,a,1,0.030,1.07,suspect,1675.30385582,10198.85193,3.80353e-13
BD720094,h_stis_ngsl_bd720094_v2.fits,26.8011465271,73.4743254796,8314,2002-02-21,sdF2:,10.33,9.95,6286.,3.9,-2.0,a,1,0.016,0.62,good,1676.25045773,10196.1540644,5.14e-13
CD-259286,h_stis_ngsl_cd-259286_v2.fits,187.627052956,-26.0475103548,61031,2003-07-19,A5,10.82,10.7,6426.,3.0,-1.2,a,1,0.018,0.835,good,1676.23492866,10195.2617706,1.97368e-13
CD-3018140,h_stis_ngsl_cd-3018140_v2.fits,311.026147531,-30.0023088375,102337,2002-04-07,F8,10.36,9.95,6334.,3.9,-2.0,a,1,0.015,1.0,suspect,1675.73263584,10196.8478368,4.74507e-13
CD-621346,h_stis_ngsl_cd-621346_v2.fits,316.51214286,-61.5625120157,104151,2004-05-30,G5,10.55,9.85,5652.,3.2,-0.6,n,1,0.023,-0.56,good,1675.12389402,10197.008291,4.73892e-13
CD-691618,h_stis_ngsl_cd-691618_v2.fits,258.137096291,-70.0857126525,84185,2004-05-11,B2p,9.19,9.32,,,,,3,,-0.85,good,1675.29145308,10197.2478545,1.16227e-11
G019-013,h_stis_ngsl_g019-013_v2.fits,256.263633456,-5.06719432241,83591,2002-02-16,K5V,8.89,7.73,4452.,4.6,-0.3,n,1,0.027,0.64,good,1675.24536577,10195.8262983,3.90765e-12
G021-024,h_stis_ngsl_g021-024_v2.fits,281.863482005,-3.63999569647,92200,2002-02-23,K5,10.10,8.81,4230.,4.7,-0.1,n,2,0.037,0.835,good,1676.32320111,10196.8821093,1.47516e-12
G029-023,h_stis_ngsl_g029-023_v2.fits,349.918685238,3.3712152525,115167,2001-12-24,F5,10.67,10.19,6176.,3.7,-2.0,a,1,0.019,0.765,good,1675.87163571,10195.9507882,4.95865e-13
G114-26,h_stis_ngsl_g114-26_v2.fits,134.792326504,-4.02713131276,44124,2002-01-13,F3,10.114,9.648,6144.,4.1,-1.8,a,1,0.019,0.67,good,1676.3038013,10197.2533087,6.25487e-13
G115-58,h_stis_ngsl_g115-58_v2.fits,137.700412187,46.3767449735,45069,2002-02-25,sd:G,12.54,12.08,6156.,3.7,-1.6,a,1,0.023,0.6,good,1675.85403221,10195.8027445,6.47088e-14
G12-21,h_stis_ngsl_g12-21_v2.fits,183.00557003,13.2610323031,59490,2002-02-22,F2,10.630,10.162,6034.,4.1,-1.4,a,1,0.020,0.695,good,1675.35229756,10198.2833584,3.74257e-13
G13-35,h_stis_ngsl_g13-35_v2.fits,186.395660359,1.283683221,60632,2002-02-27,sdF5,10.10,9.66,6164.,3.9,-1.8,a,1,0.016,0.345,good,1675.24983016,10199.6112727,6.58189e-13
G169-28,h_stis_ngsl_g169-28_v2.fits,252.547686685,22.3137128685,82398,2001-09-11,,11.75,11.02,5749.,3.9,-1.5,a,1,0.019,1.095,suspect,1675.70484289,10198.0060425,1.27364e-13
G17-25,h_stis_ngsl_g17-25_v2.fits,248.67638929,-4.22948959645,81170,2002-02-15,F8,10.37,9.63,5289.,4.6,-1.0,a,1,0.022,0.82,good,1676.28970887,10198.9859401,5.63236e-13
G18-39,h_stis_ngsl_g18-39_v2.fits,334.652267397,8.44577507851,110140,2002-01-02,G0,10.84,10.38,5952.,3.6,-1.7,a,1,0.017,0.5,good,1676.3622262,10196.8983958,3.20719e-13
G18-54,h_stis_ngsl_g18-54_v2.fits,337.900921758,2.16201780203,111195,2001-09-11,sd:F7,11.24,10.75,5920.,3.8,-1.7,a,1,0.022,0.715,good,1675.06847415,10199.8004196,2.23086e-13
G180-24,h_stis_ngsl_g180-24_v2.fits,240.805198087,42.2460269795,78640,2002-06-23,F5,10.33,9.85,6109.,4.0,-1.5,a,1,0.018,0.405,good,1675.60728051,10195.8002637,5.21921e-13
G187-40,h_stis_ngsl_g187-40_v2.fits,320.490698849,27.4529489491,105488,2001-10-24,G0,11.04,10.45,5776.,4.0,-1.6,a,1,0.017,0.895,good,1675.82327761,10197.7098036,2.59571e-13
G188-22,h_stis_ngsl_g188-22_v2.fits,325.987842679,27.3898988478,107294,2002-04-06,F8,10.52,10.15,5926.,3.9,-1.5,a,1,0.016,0.71,good,1675.58649691,10199.9705175,4.17133e-13
G188-30,h_stis_ngsl_g188-30_v2.fits,328.817694558,32.6448512864,108200,2001-09-12,sd:G2,11.69,11.03,5497.,4.6,-1.2,a,1,0.030,1.0,suspect,1675.62534667,10196.7133983,1.31209e-13
G192-43,h_stis_ngsl_g192-43_v2.fits,101.937202772,58.6426353073,32567,2002-02-27,sd:F2,10.75,10.32,6163.,3.9,-1.6,a,1,0.017,0.885,good,1675.36210202,10199.0482184,3.51781e-13
G194-22,h_stis_ngsl_g194-22_v2.fits,124.844024744,54.0856271519,40778,2002-02-19,sdF6,10.19,9.71,6193.,4.1,-1.6,a,1,0.018,0.97,suspect,1675.2077538,10195.4229543,5.72966e-13
G196-48,h_stis_ngsl_g196-48_v2.fits,162.735702695,53.2474302994,53025,2002-02-08,G,10.85,10.43,5704.,3.4,-1.9,a,1,0.013,0.795,good,1675.64104598,10197.5441768,3.61337e-13
G20-15,h_stis_ngsl_g20-15_v2.fits,266.866684932,-8.78012979147,87062,2002-02-11,F8,11.18,10.59,6089.,4.1,-1.8,a,1,0.017,0.81,good,1675.02106946,10197.1266219,2.50243e-13
G202-65,h_stis_ngsl_g202-65_v2.fits,248.993946812,45.8665508372,81276,2002-02-10,sd:F3,11.58,11.06,6989.,4.4,-1.0,a,1,0.028,0.915,suspect,1675.30226081,10198.7718215,1.36235e-13
G231-52,h_stis_ngsl_g231-52_v2.fits,324.8168171,60.2839956537,106924,2002-05-05,G1,10.96,10.39,5426.,4.7,-2.0,a,1,0.023,0.995,suspect,1675.60201133,10199.902426,2.73093e-13
G234-28,h_stis_ngsl_g234-28_v2.fits,123.568095094,68.9219362599,40347,2001-11-01,G0,11.55,11.07,6097.,3.9,-1.6,a,1,0.019,0.7,good,1675.54368941,10197.8270231,1.64921e-13
G24-3,h_stis_ngsl_g24-3_v2.fits,301.434585935,4.04789083195,98989,2002-04-29,sd:F8,10.92,10.44,6053.,3.9,-1.8,a,1,0.018,0.58,good,1675.75265845,10196.0569408,2.93384e-13
G243-62,h_stis_ngsl_g243-62_v2.fits,17.1162204728,63.5155494064,5353,2004-07-27,K2,12.40,11.52,4693.,4.8,-1.7,a,1,0.028,-0.475,good,1675.99703749,10198.0337005,9.77406e-14
G260-36,h_stis_ngsl_g260-36_v2.fits,298.043123404,67.4262227776,97781,2004-07-29,K2,11.78,11.06,5057.,4.5,0.1,n,1,0.026,0.55,good,1675.29271045,10196.3222567,1.34674e-13
G262-14,h_stis_ngsl_g262-14_v2.fits,307.11590985,62.0143552901,100984,2004-06-03,G8,12.38,11.30,5085.,3.8,-0.7,a,1,0.025,0.67,good,1675.00675539,10196.6309267,1.07946e-13
G63-26,h_stis_ngsl_g63-26_v2.fits,201.127433122,20.4560310901,65418,2002-02-18,sd:F,12.62,12.18,6123.,3.9,-1.6,a,1,0.024,0.74,good,1675.68675895,10197.3989093,5.9972e-14
G88-27,h_stis_ngsl_g88-27_v2.fits,111.759738436,19.0985998699,36174,2002-02-08,sd:F8,11.174,10.727,6141.,3.7,-1.6,a,1,0.018,0.405,good,1675.54189155,10197.7478808,2.46195e-13
GJ825,h_stis_ngsl_gj825_v2.fits,319.311449295,-38.8679717156,105090,2001-10-18,M0V,8.09,6.68,4015.,4.7,0.1,n,2,0.054,0.71,good,1675.56822762,10199.9404295,1.38959e-11
GL109,h_stis_ngsl_gl109_v2.fits,41.0651166918,25.523184449,12781,2001-10-16,M3.5V,12.13,10.58,,,,,3,,0.735,good,1675.96898519,10196.9470232,7.80635e-13
GL15B,h_stis_ngsl_gl15b_v2.fits,4.59732744832,44.0231893919,1475,2001-10-17,M3.5,12.84,11.04,3741.,4.9,-0.2,n,2,0.079,0.8,good,1675.94910819,10196.3101914,5.1347e-12
HD000319,h_stis_ngsl_hd000319_v2.fits,1.94552892591,-22.5085995665,636,2004-06-22,A1V,6.068,5.942,8195.,3.9,-0.4,n,1,0.021,-0.35,good,1675.07612864,10196.7360208,3.25125e-11
HD000358,h_stis_ngsl_hd000358_v2.fits,2.09706353384,29.0902780496,677,2003-08-21,B8IVmnp...,1.95,2.06,,,,,,,0.07,good,1676.1208502,10198.5561281,2.91573e-09
HD000886,h_stis_ngsl_hd000886_v2.fits,3.30896014247,15.1835848541,1067,2003-08-14,B2IV,2.60,2.83,,,,,3,,-0.255,good,1675.0420463,10197.3039235,6.18025e-09
HD001461,h_stis_ngsl_hd001461_v2.fits,4.67496212291,-8.05316013042,1499,2004-05-29,G0V,7.14,6.46,5790.,4.3,0.3,n,1,0.026,0.12,good,1675.48367076,10197.0886713,1.14734e-11
HD002665,h_stis_ngsl_hd002665_v2.fits,7.6893901203,57.0648639084,2413,2002-01-07,G5IIIw,8.46,7.75,5082.,2.2,-2.0,a,1,0.011,0.835,good,1676.28653955,10195.1867711,3.11215e-12
HD002857,h_stis_ngsl_hd002857_v2.fits,7.97416625873,-5.26194892779,2515,2002-02-03,A2,10.12,9.95,7708.,2.8,-0.6,n,2,0.036,1.09,suspect,1675.51098983,10196.548905,5.57095e-13
HD003360,h_stis_ngsl_hd003360_v2.fits,9.24289831441,53.8969110595,2920,2004-03-02,B2IV,3.483,3.666,,,,,3,,0.215,good,1676.06891965,10195.2755559,2.49891e-09
HD003712,h_stis_ngsl_hd003712_v2.fits,10.1268884216,56.5373268507,3179,2001-09-18,K0IIIa,3.434,2.252,4603.,1.8,-0.3,n,1,0.022,1.165,suspect,1675.09272124,10196.6109798,3.63908e-10
HD004128,h_stis_ngsl_hd004128_v2.fits,10.8974918713,-17.9866007878,3419,2001-09-13,K0III,3.06,2.04,4815.,2.3,-0.2,n,1,0.021,0.98,suspect,1675.66679795,10198.7625177,5.81619e-10
HD004727,h_stis_ngsl_hd004727_v2.fits,12.4535625533,41.078883568,3881,2003-07-22,B5V+...,4.390,4.524,,,,,3,,0.615,good,1676.16135948,10195.7352039,5.64533e-10
HD004813,h_stis_ngsl_hd004813_v2.fits,12.5314756604,-10.6444669049,3909,2002-01-17,F7IV-V,5.69,5.19,6252.,4.3,-0.1,n,1,0.024,0.71,good,1675.19267855,10195.9110658,3.97166e-11
HD005256,h_stis_ngsl_hd005256_v2.fits,16.4299952299,87.3190854527,5122,2003-09-21,G5,9.507,8.767,5176.,3.6,-0.6,a,1,0.021,-0.51,good,1675.69685167,10196.4073233,1.30183e-12
HD005395,h_stis_ngsl_hd005395_v2.fits,14.1660621532,59.1810060616,4422,2004-01-06,G8IIIb,5.576,4.632,4808.,2.5,-0.5,n,1,0.018,-0.07,good,1675.23234502,10199.9788628,5.7865e-11
HD005544,h_stis_ngsl_hd005544_v2.fits,14.3043338488,0.342328082004,4464,2004-07-17,K0IIIp...,8.78,7.64,4474.,1.7,-0.5,n,1,0.016,-0.33,good,1675.36497383,10197.3984458,3.71261e-12
HD005916,h_stis_ngsl_hd005916_v2.fits,15.3294150687,45.4520121599,4771,2004-06-21,G8III-IV,7.741,6.874,4926.,2.5,-0.6,n,1,0.017,0.26,good,1675.0733815,10196.0384132,7.11368e-12
HD006229,h_stis_ngsl_hd006229_v2.fits,15.901931058,23.7684225257,4960,2004-07-28,G5IIIw,9.31,8.60,5489.,2.5,-0.6,n,1,0.017,-0.055,good,1676.3601216,10196.1974704,1.43693e-12
HD006734,h_stis_ngsl_hd006734_v2.fits,16.9986889415,1.99281261705,5315,2001-10-21,K0IV,7.31,6.46,4904.,3.1,-0.6,a,1,0.021,0.745,good,1676.0089526,10198.1513057,1.06604e-11
HD006755,h_stis_ngsl_hd006755_v2.fits,17.4300962675,61.5473123523,5445,2001-09-25,F8V,8.40,7.73,5064.,2.6,-2.0,a,1,0.013,0.745,good,1675.87970638,10198.7076476,3.10086e-12
HD008491,h_stis_ngsl_hd008491_v2.fits,21.4834898714,68.1300243101,6692,2002-01-16,K0III,5.782,4.731,4688.,2.5,-0.1,n,1,0.019,0.7,good,1675.60539832,10199.4384044,5.37153e-11
HD008724,h_stis_ngsl_hd008724_v2.fits,21.5733443637,17.1263849769,6710,2001-12-13,G5,9.29,8.34,4552.,1.3,-2.0,a,1,0.019,0.895,good,1675.7584517,10197.0031604,1.91352e-12
HD008890,h_stis_ngsl_hd008890_v2.fits,37.9563141468,89.2641056636,11767,2001-09-20,F7:Ib-IIv,2.591,2.005,,,,,3,,0.815,good,1676.19071711,10198.6699325,7.40755e-10
HD009051,h_stis_ngsl_hd009051_v2.fits,22.1938035355,-24.3404119036,6894,2001-12-22,G7IIIw...,9.68,8.92,4842.,2.0,-1.8,a,1,0.012,0.85,good,1675.18959791,10199.9036956,1.03598e-12
HD010380,h_stis_ngsl_hd010380_v2.fits,25.3578656803,5.48762254677,7884,2002-02-16,K3IIIb,5.829,4.448,4063.,1.2,-0.5,n,1,0.015,0.765,good,1675.81841664,10196.0859695,7.79502e-11
HD010780,h_stis_ngsl_hd010780_v2.fits,26.9384748903,63.8521972522,8362,2004-06-15,K0V,6.44,5.63,5357.,4.4,0.1,n,1,0.024,0.34,good,1676.19285206,10195.4270807,2.34571e-11
HD012533,h_stis_ngsl_hd012533_v2.fits,30.974843067,42.3297141693,9640,2001-09-21,K3IIb...,3.63,2.26,4225.,1.3,-0.2,n,1,0.020,0.955,suspect,1675.15692505,10197.3272219,5.73759e-10
HD013520,h_stis_ngsl_hd013520_v2.fits,33.3054751768,44.2316412875,10340,2003-12-31,K4III,6.362,4.844,3920.,0.8,-0.6,n,1,0.018,-0.8,good,1675.69889483,10196.8948421,6.22194e-11
HD015089,h_stis_ngsl_hd015089_v2.fits,37.2663843905,67.4025160676,11569,2003-07-25,A5p...,4.66,4.53,8823.,4.2,0.5,n,2,0.039,0.81,good,1675.52837238,10197.1696322,1.11199e-10
HD016031,h_stis_ngsl_hd016031_v2.fits,38.5460524814,-12.3843915227,11952,2002-01-12,F0V,10.17,9.78,6299.,3.9,-1.8,a,1,0.017,0.23,good,1675.86623256,10197.7063919,5.9568e-13
HD017072,h_stis_ngsl_hd017072_v2.fits,40.1672609089,-69.2330151226,12485,2004-01-31,G2w...,7.204,6.593,5709.,3.1,-0.6,a,1,0.020,0.5,good,1676.01192267,10198.6528023,9.46125e-12
HD017081,h_stis_ngsl_hd017081_v2.fits,41.0305734965,-13.8586952217,12770,2003-10-14,B7IV,4.123,4.235,13057.,3.6,-0.5,n,1,0.029,-0.01,good,1676.19696083,10196.4387047,4.86771e-10
HD017361,h_stis_ngsl_hd017361_v2.fits,41.9773188472,29.2470482341,13061,2001-10-25,K1.5III,5.62,4.51,4603.,2.4,-0.1,n,1,0.019,0.445,good,1675.07158408,10196.1518442,6.68088e-11
HD017925,h_stis_ngsl_hd017925_v2.fits,43.1340711685,-12.7698156012,13402,2001-10-15,K1V,6.91,6.00,5208.,4.5,0.1,n,1,0.022,0.785,good,1676.21564053,10196.5115186,1.59759e-11
HD018078,h_stis_ngsl_hd018078_v2.fits,44.133375407,56.1781776698,13712,2004-07-04,A0p,8.50,8.30,7404.,2.9,0.5,n,2,0.037,0.195,good,1676.04384367,10197.5592329,3.49708e-12
HD018769,h_stis_ngsl_hd018769_v2.fits,45.4755704334,26.4623510949,14109,2003-12-04,A3m,6.060,5.919,8382.,4.1,0.5,n,1,0.028,0.515,good,1675.52417739,10196.4778096,3.27863e-11
HD018907,h_stis_ngsl_hd018907_v2.fits,45.4071698295,-28.0920582987,14086,2004-03-22,G5IV,6.68,5.85,5309.,3.7,-0.1,n,1,0.025,-1.08,suspect,1676.02540283,10198.211554,1.81319e-11
HD019019,h_stis_ngsl_hd019019_v2.fits,45.9618760366,6.13330682732,14258,2001-12-21,F8,7.28,6.76,6197.,4.4,0.0,n,1,0.023,0.615,good,1676.02953909,10195.1681241,7.83969e-12
HD019308,h_stis_ngsl_hd019308_v2.fits,46.9143402246,36.6175031407,14532,2001-10-15,G0,8.023,7.360,5842.,4.1,0.2,n,1,0.022,0.795,good,1675.83724862,10196.9622127,4.90307e-12
HD019445,h_stis_ngsl_hd019445_v2.fits,47.1064352474,26.3304671649,14594,2002-02-08,A4p,8.51,8.05,6200.,4.3,-1.9,a,1,0.018,0.545,good,1675.10300642,10199.0959643,2.78866e-12
HD019656,h_stis_ngsl_hd019656_v2.fits,47.8224128465,39.6115993006,14817,2001-10-28,K0III,5.736,4.614,4563.,2.1,-0.3,n,1,0.017,0.905,suspect,1676.11594563,10199.1586009,5.84511e-11
HD019787,h_stis_ngsl_hd019787_v2.fits,47.9074519437,19.7266688586,14838,2002-02-18,K2III,5.376,4.350,4771.,2.6,-0.1,n,1,0.020,0.575,good,1675.01924638,10195.9290778,7.75584e-11
HD020039,h_stis_ngsl_hd020039_v2.fits,49.6612869684,72.2748124187,15405,2004-05-09,F8,9.624,8.861,5200.,3.5,-0.6,a,1,0.019,0.08,good,1675.35809719,10196.7715157,1.13507e-12
HD020630,h_stis_ngsl_hd020630_v2.fits,49.8406842888,3.37029839452,15457,2004-01-30,G5Vv,5.51,4.83,5687.,4.4,0.0,n,1,0.026,0.375,good,1676.27271215,10195.2334961,5.02087e-11
HD021742,h_stis_ngsl_hd021742_v2.fits,53.362093969,59.4164485967,16581,2003-07-28,K1IV,8.947,8.058,5342.,4.4,0.4,n,1,0.024,-0.83,good,1676.33236227,10196.6021357,2.65491e-12
HD022049,h_stis_ngsl_hd022049_v2.fits,53.2321920898,-9.45828749205,16537,2001-11-03,K2V,4.61,3.73,5130.,4.5,0.0,n,1,0.021,0.66,good,1675.09055896,10196.3205946,1.36381e-10
HD022484,h_stis_ngsl_hd022484_v2.fits,54.217999082,0.401142214019,16852,2003-11-04,F9IV-V,4.86,4.28,6141.,4.1,0.1,n,1,0.023,-0.21,good,1676.02271022,10198.8599103,8.89887e-11
HD023439,h_stis_ngsl_hd023439_v2.fits,56.7598213469,41.425700312,17666,2004-07-14,K1V,8.93,8.18,5249.,4.5,-0.6,a,1,0.021,0.41,good,1676.29899659,10197.8147837,2.2349e-12
HD025329,h_stis_ngsl_hd025329_v2.fits,60.8136973562,35.2724594426,18915,2002-02-10,K1V...,9.37,8.504,4930.,4.7,-1.1,a,1,0.028,0.765,good,1676.02191139,10198.9243204,1.64437e-12
HD025893,h_stis_ngsl_hd025893_v2.fits,61.893247364,38.0743941474,19255,2002-02-21,G5,7.99,7.08,5342.,4.4,0.1,n,1,0.023,0.59,good,1675.86891789,10198.309289,5.41858e-12
HD025975,h_stis_ngsl_hd025975_v2.fits,62.0640451689,37.7273738928,19302,2002-02-27,K1III,7.04,6.09,4942.,3.3,0.0,n,1,0.020,0.82,good,1675.78695944,10196.1314842,1.53649e-11
HD026297,h_stis_ngsl_hd026297_v2.fits,62.2642608129,-15.8908485053,19378,2002-02-19,G5/G6IVw,8.55,7.47,4423.,1.0,-2.0,a,1,0.012,0.745,good,1675.82668246,10198.4045763,4.36336e-12
HD026630,h_stis_ngsl_hd026630_v2.fits,63.7244621783,48.4093120553,19812,2001-09-29,G0Ib,5.12,4.18,4542.,1.1,-2.0,a,2,0.056,0.75,good,1675.19110134,10199.8451068,9.16429e-11
HD027295,h_stis_ngsl_hd027295_v2.fits,64.8587810441,21.1422578757,20171,2004-08-02,B9IV,5.421,5.490,11548.,4.2,-0.4,n,2,0.058,0.08,good,1676.20846633,10198.0541003,1.12666e-10
HD028946,h_stis_ngsl_hd028946_v2.fits,68.4599276185,5.38485083424,21272,2002-02-07,K0,8.72,7.93,5389.,4.4,-0.0,n,1,0.024,0.585,good,1675.42493775,10196.6347558,2.84737e-12
HD028978,h_stis_ngsl_hd028978_v2.fits,68.5344473344,5.56861014285,21295,2003-11-30,A2Vs,5.738,5.681,8749.,3.5,0.1,n,1,0.023,0.875,good,1675.94998108,10198.3406609,4.01435e-11
HD029391,h_stis_ngsl_hd029391_v2.fits,69.4006227794,-2.47361233602,21547,2003-10-05,F0V,5.485,5.223,7522.,4.3,0.2,n,1,0.027,-0.69,good,1675.03439056,10196.220935,5.27004e-11
HD029574,h_stis_ngsl_hd029574_v2.fits,69.7322046167,-13.3467489649,21648,2002-01-30,G9IIIw...,9.70,8.38,4049.,0.6,-1.7,a,1,0.025,0.42,good,1675.31464411,10199.754818,2.39139e-12
HD030614,h_stis_ngsl_hd030614_v2.fits,73.5125416667,66.3426912581,22783,2003-11-23,O9.5Iae,4.289,4.301,,,,,3,,-0.225,good,1676.33258874,10198.9704384,6.76749e-10
HD030834,h_stis_ngsl_hd030834_v2.fits,73.1582403948,36.7031821814,22678,2002-02-27,K3III,6.211,4.787,4008.,0.9,-0.6,n,1,0.017,0.755,good,1676.15451626,10195.3197108,6.06302e-11
HD031219,h_stis_ngsl_hd031219_v2.fits,74.5485295458,63.0302288117,23093,2003-07-17,F8,8.714,8.118,6087.,3.9,0.3,n,1,0.023,0.89,good,1675.7860949,10196.7541344,2.51792e-12
HD031421,h_stis_ngsl_hd031421_v2.fits,74.0927874984,13.5144501646,22957,2001-09-15,K2IIIb,5.257,4.087,4434.,1.9,-0.5,n,1,0.018,0.45,good,1676.02237581,10199.7850513,9.67085e-11
HD033793,h_stis_ngsl_hd033793_v2.fits,77.9307031055,-45.0255834336,24186,2004-07-13,M1V,10.43,8.89,,,,,3,,-0.015,good,1676.24782945,10197.5654081,2.22191e-12
HD034078,h_stis_ngsl_hd034078_v2.fits,79.0756252469,34.3123733044,24575,2003-11-21,O9.5Ve...,6.180,5.998,,,,,3,,0.43,good,1675.61281241,10196.5531019,8.53428e-11
HD034797,h_stis_ngsl_hd034797_v2.fits,79.8262916324,-18.5095487684,24827,2003-12-15,B8/B9IV:,6.43,6.54,12884.,4.1,0.0,n,2,0.036,0.045,good,1675.5693193,10197.7501677,4.47994e-11
HD034816,h_stis_ngsl_hd034816_v2.fits,79.893875541,-13.1767958326,24845,2004-07-21,B0.5IV,4.040,4.270,,,,,3,,-0.37,good,1675.64473262,10198.7052632,2.74101e-09
HD036702,h_stis_ngsl_hd036702_v2.fits,82.9676246835,-38.5566903792,25916,2002-02-16,K0,9.53,8.38,4319.,0.8,-2.0,a,1,0.014,0.845,good,1676.12869723,10197.0003597,1.99836e-12
HD036960,h_stis_ngsl_hd036960_v2.fits,83.7611667529,-6.00202451485,26199,2003-12-08,B0.5V,4.53,4.78,,,,,3,,-0.305,good,1675.79443164,10198.8497103,1.69071e-09
HD037202,h_stis_ngsl_hd037202_v2.fits,84.4111675416,21.1425200248,26451,2003-11-25,B2IV,2.84,3.03,,,,,3,,-0.275,good,1675.85459683,10197.4970763,4.07643e-09
HD037216,h_stis_ngsl_hd037216_v2.fits,84.968129594,52.8974180777,26653,2001-11-21,G5,8.59,7.84,5437.,4.4,-0.0,n,1,0.023,0.93,suspect,1676.01357026,10199.4979797,3.03466e-12
HD037763,h_stis_ngsl_hd037763_v2.fits,82.9715382848,-76.3406682892,25918,2003-10-08,K2III,6.32,5.17,4597.,2.9,0.2,n,1,0.020,0.325,good,1675.18229386,10197.643537,3.74315e-11
HD037828,h_stis_ngsl_hd037828_v2.fits,85.2277443783,-11.2001173795,26740,2004-03-22,K0,7.989,6.877,4359.,1.0,-1.6,a,1,0.012,0.04,good,1676.08031371,10196.4559022,7.33608e-12
HD038237,h_stis_ngsl_hd038237_v2.fits,86.1274503675,4.33916732426,27076,2003-08-21,A3,7.2,7.7,8100.,3.9,0.1,n,1,0.025,-0.4,good,1675.63559916,10198.7948486,9.99088e-12
HD038510,h_stis_ngsl_hd038510_v2.fits,86.2901693207,-26.9914452873,27128,2004-05-09,F5/F6V,8.75,8.25,5897.,4.0,-0.8,a,1,0.019,-0.3,good,1675.38059683,10199.510542,2.34166e-12
HD039587,h_stis_ngsl_hd039587_v2.fits,88.5956257986,20.2761195971,27913,2001-12-27,G0V,5.00,4.41,6057.,4.4,0.1,n,1,0.026,0.735,good,1676.22196784,10199.8157722,8.01415e-11
HD039833,h_stis_ngsl_hd039833_v2.fits,88.758089079,-0.508016527781,27980,2002-04-30,G0III,8.25,7.66,5926.,4.3,0.2,n,1,0.027,0.66,good,1675.97898569,10198.5242907,3.94259e-12
HD040573,h_stis_ngsl_hd040573_v2.fits,89.9733345709,3.99098989584,28398,2003-08-24,A0,7.47,7.46,10200.,4.2,-0.4,n,1,0.018,0.365,good,1675.86995773,10195.4145915,9.69684e-12
HD041357,h_stis_ngsl_hd041357_v2.fits,91.6462596439,38.4825857396,28946,2004-04-11,A4m,5.588,5.353,7578.,3.5,0.2,n,1,0.025,0.635,good,1676.15328356,10199.2520031,4.73648e-11
HD041661,h_stis_ngsl_hd041661_v2.fits,91.6017471808,-0.963366623207,28933,2001-12-17,F2,7.86,7.44,6360.,3.2,-0.1,n,1,0.019,0.56,good,1675.02010321,10195.3879979,5.01184e-12
HD041667,h_stis_ngsl_hd041667_v2.fits,91.2652220354,-32.9939917603,28824,2004-07-03,G8V,9.49,8.52,4623.,1.8,-1.0,a,1,0.019,-0.985,suspect,1675.21325177,10196.4458624,1.63042e-12
HD043042,h_stis_ngsl_hd043042_v2.fits,93.7119456166,19.1563491151,29650,2001-11-27,F6V,5.64,5.20,6542.,4.2,0.0,n,1,0.022,0.855,good,1676.09669246,10199.4793941,4.00116e-11
HD044007,h_stis_ngsl_hd044007_v2.fits,94.7022696718,-14.8454294374,29992,2002-01-23,G5IV:w...,8.85,8.06,4930.,2.3,-1.8,a,1,0.014,0.82,good,1675.84839046,10195.7972956,2.43047e-12
HD045282,h_stis_ngsl_hd045282_v2.fits,96.6699191587,3.42489270142,30668,2002-01-24,G0,8.67,8.02,5199.,2.8,-1.8,a,1,0.015,0.845,good,1676.26957181,10197.6028561,2.45905e-12
HD046703,h_stis_ngsl_hd046703_v2.fits,99.4684583333,53.5172102029,31695,2002-01-24,F7IVw,9.51,9.09,6484.,2.5,-0.0,n,2,0.046,0.48,good,1676.04401873,10198.3772873,1.05655e-12
HD047839,h_stis_ngsl_hd047839_v2.fits,100.244417355,9.89573973236,31978,2003-08-26,O7Ve,4.41,4.66,,,,,3,,-0.825,good,1676.11642457,10197.2416805,1.94981e-09
HD048279,h_stis_ngsl_hd048279_v2.fits,100.668958333,1.71617386212,32137,2004-03-14,O8V,8.03,7.98,,,,,3,,-0.24,good,1675.16606881,10196.8190313,1.65556e-11
HD050420,h_stis_ngsl_hd050420_v2.fits,103.811084712,43.9100310966,33269,2003-09-08,A9III,6.453,6.161,7167.,2.8,-0.0,n,1,0.022,0.385,good,1675.48109448,10196.921239,2.07643e-11
HD052089,h_stis_ngsl_hd052089_v2.fits,104.65645657,-28.9720772892,33579,2004-02-18,B2Iab:,1.386,1.513,,,,,,,0.16,good,1676.33969847,10196.1034215,1.94934e-08
HD052973,h_stis_ngsl_hd052973_v2.fits,106.027250101,20.5703019754,34088,2003-12-30,G0Ibv,4.89,4.01,,,,,3,,0.49,good,1675.02493958,10196.3176812,1.19511e-10
HD055057,h_stis_ngsl_hd055057_v2.fits,107.848349778,-0.301949720985,34724,2004-02-03,F2V,5.714,5.437,7289.,3.5,0.2,n,1,0.022,-0.305,good,1675.27924633,10197.1954438,4.1603e-11
HD055496,h_stis_ngsl_hd055496_v2.fits,108.047419988,-22.9835087893,34795,2002-02-27,GII:wp...,9.30,8.40,4978.,2.1,-0.6,n,1,0.024,0.875,good,1675.3750385,10195.324324,1.7218e-12
HD057060,h_stis_ngsl_hd057060_v2.fits,109.668250223,-24.5586839824,35412,2003-08-28,O7e...,4.83,4.98,,,,,3,,0.245,good,1676.26955214,10196.4441131,6.99653e-10
HD057061,h_stis_ngsl_hd057061_v2.fits,109.677041965,-24.9543749959,35415,2003-10-21,O9Ib,4.25,4.39,,,,,3,,0.115,good,1676.13070543,10196.8332211,1.36289e-09
HD057727,h_stis_ngsl_hd057727_v2.fits,110.868736103,25.0505276825,35846,2001-12-27,G8III,5.924,5.035,4942.,2.9,-0.3,n,1,0.020,0.735,good,1675.19645833,10197.9735722,4.04328e-11
HD058343,h_stis_ngsl_hd058343_v2.fits,111.167457755,-16.2014886046,35951,2004-02-22,B2Vne,5.16,5.20,,,,,3,,0.835,good,1675.92300692,10198.1516423,2.48238e-10
HD058551,h_stis_ngsl_hd058551_v2.fits,111.709013211,21.5356262326,36152,2004-03-12,F6V,7.00,6.54,6311.,4.2,-0.4,n,1,0.020,0.095,good,1675.1536841,10196.3332046,1.14131e-11
HD059612,h_stis_ngsl_hd059612_v2.fits,112.464208514,-23.02428821,36431,2003-08-20,A6Ib/II,5.08,4.84,,,,,3,,-0.11,good,1676.31260586,10198.9735055,7.50772e-11
HD060319,h_stis_ngsl_hd060319_v2.fits,113.646246745,16.9007617712,36849,2004-05-01,F8,9.46,8.95,5926.,4.0,-0.9,a,1,0.018,-0.405,good,1675.88262565,10198.9805235,1.21304e-12
HD061064,h_stis_ngsl_hd061064_v2.fits,114.319440382,-4.1109653963,37088,2004-01-25,F6III,5.552,5.143,6600.,3.4,0.2,n,1,0.021,-0.65,good,1676.02252404,10198.4968786,4.69978e-11
HD061603,h_stis_ngsl_hd061603_v2.fits,115.24377814,23.0185082305,37428,2004-05-16,K5III,7.510,5.932,3841.,0.8,-0.3,n,1,0.027,-0.305,good,1675.02078328,10197.9246807,2.45534e-11
HD062412,h_stis_ngsl_hd062412_v2.fits,115.700627776,-26.3513561792,37590,2003-11-10,K1III,6.615,5.635,4876.,2.6,-0.1,n,1,0.021,0.425,good,1675.82265483,10198.0796408,2.32178e-11
HD063077,h_stis_ngsl_hd063077_v2.fits,116.395654228,-34.1705182759,37853,2003-11-19,G0V,5.95,5.37,5926.,4.2,-0.7,a,1,0.021,-0.42,good,1675.85299946,10199.6478463,3.12589e-11
HD063700,h_stis_ngsl_hd063700_v2.fits,117.32358318,-24.8597817027,38170,2004-01-31,G6Ia,4.575,3.337,4498.,1.5,-0.5,n,1,0.027,-0.365,good,1676.12134985,10199.6358526,2.02152e-10
HD063791,h_stis_ngsl_hd063791_v2.fits,118.619608758,62.1362717513,38621,2001-11-04,G0,8.78,7.92,4778.,1.6,-2.0,a,1,0.011,0.64,good,1675.751448,10198.0205841,2.76999e-12
HD064412,h_stis_ngsl_hd064412_v2.fits,119.183867092,56.2051938447,38822,2004-05-21,G0,9.346,8.757,5742.,4.1,-0.6,a,1,0.020,-0.275,good,1675.5162244,10197.3277742,1.38007e-12
HD065228,h_stis_ngsl_hd065228_v2.fits,119.214723743,-22.8800960083,38835,2004-03-19,F7/F8II,4.890,4.204,5926.,2.4,0.4,n,1,0.021,-0.935,suspect,1675.15601384,10195.7749204,9.44944e-11
HD065354,h_stis_ngsl_hd065354_v2.fits,119.262624682,-34.378426168,38851,2004-05-03,K3III,8.459,6.842,3897.,0.8,-0.6,n,1,0.021,0.085,good,1675.54662175,10195.7426631,1.02144e-11
HD065714,h_stis_ngsl_hd065714_v2.fits,120.2328036,25.3928552796,39191,2004-04-29,G8III,6.881,5.868,4882.,2.2,0.0,n,1,0.023,0.505,good,1675.9528432,10199.166592,1.87013e-11
HD067390,h_stis_ngsl_hd067390_v2.fits,122.398944746,44.4715167082,39960,2004-04-30,F2,9.69,9.45,7193.,3.6,-0.2,n,1,0.022,-0.36,good,1675.64539614,10196.7024999,8.72309e-13
HD068988,h_stis_ngsl_hd068988_v2.fits,124.592716343,61.4607562442,40687,2004-04-03,G0,8.85,8.20,5897.,4.3,0.3,n,1,0.026,0.655,good,1675.71344401,10195.3802298,2.33399e-12
HD071160,h_stis_ngsl_hd071160_v2.fits,126.166069602,-32.924031088,41222,2004-06-04,K3/K4III,9.48,8.00,3949.,0.9,-0.5,n,1,0.017,0.095,good,1676.30680868,10195.5653874,3.29091e-12
HD072184,h_stis_ngsl_hd072184_v2.fits,128.228920684,38.0161537584,41935,2004-04-30,K2III,7.01,5.90,4620.,2.6,0.1,n,1,0.019,-0.32,good,1675.63518256,10197.6953413,1.90009e-11
HD072324,h_stis_ngsl_hd072324_v2.fits,128.250308502,24.0847464551,41940,2004-04-29,G9III,7.363,6.341,4793.,2.3,-0.1,n,1,0.020,-0.195,good,1676.34381699,10197.0592075,1.19847e-11
HD072505,h_stis_ngsl_hd072505_v2.fits,128.437637964,13.2572430672,42010,2004-04-29,K0III,7.462,6.256,4519.,2.3,0.1,n,1,0.019,-0.295,good,1675.48567692,10198.2802604,1.36335e-11
HD072968,h_stis_ngsl_hd072968_v2.fits,128.867484413,-7.98227533963,42146,2004-04-05,A1spe...,5.69,5.72,9253.,3.9,0.5,n,2,0.066,-0.17,good,1675.92462764,10197.1225692,4.75078e-11
HD073710,h_stis_ngsl_hd073710_v2.fits,130.092014866,19.6699252794,42549,2004-04-29,G9III,7.44,6.43,4897.,2.2,0.1,n,1,0.021,0.315,good,1675.86309635,10195.6186449,1.13131e-11
HD074088,h_stis_ngsl_hd074088_v2.fits,129.616094422,-62.8432389877,42381,2004-05-02,K4III,8.37,6.74,3740.,0.5,-1.1,a,1,0.028,0.415,good,1675.12627046,10196.2776251,1.24872e-11
HD074721,h_stis_ngsl_hd074721_v2.fits,131.496884062,13.2633855171,43018,2003-11-09,A0V,8.76,8.71,8774.,3.3,-0.6,n,1,0.027,-0.35,good,1675.89990959,10195.1278879,2.90904e-12
HD076291,h_stis_ngsl_hd076291_v2.fits,134.207923938,45.6315874878,43923,2004-04-30,K1IV,6.860,5.733,4534.,2.3,-0.2,n,1,0.017,-0.25,good,1675.30618252,10196.2166201,2.17845e-11
HD076932,h_stis_ngsl_hd076932_v2.fits,134.683326719,-16.1325022628,44075,2004-01-06,F7-8IV-V,6.39,5.86,6034.,4.1,-0.7,a,1,0.019,-0.38,good,1675.54312868,10198.0186765,2.14056e-11
HD078316,h_stis_ngsl_hd078316_v2.fits,136.936699479,10.6681868263,44798,2003-10-24,B8IIImnp,5.145,5.236,12442.,3.7,-0.1,n,2,0.073,-0.2,good,1675.7084297,10195.6736471,1.57171e-10
HD078362,h_stis_ngsl_hd078362_v2.fits,137.729681574,63.5135648115,45075,2003-12-20,Am,4.990,4.648,7120.,3.8,0.5,n,1,0.028,0.615,good,1675.24939002,10195.2825425,7.75398e-11
HD078479,h_stis_ngsl_hd078479_v2.fits,137.259585401,17.4696026613,44918,2004-04-29,K3III,8.419,7.189,4476.,2.1,0.1,n,1,0.018,-0.33,good,1675.00879056,10197.7323646,5.83845e-12
HD079158,h_stis_ngsl_hd079158_v2.fits,138.450791801,43.2177852094,45290,2004-05-28,B8IIIp,5.163,5.289,,,,,3,,0.72,good,1675.37210262,10197.2961299,1.46643e-10
HD079349,h_stis_ngsl_hd079349_v2.fits,137.929251815,-48.7731603167,45130,2004-05-04,K7IV,10.07,8.52,3834.,1.1,-0.1,n,1,0.027,0.17,good,1675.3338274,10195.5984496,2.47082e-12
HD079469,h_stis_ngsl_hd079469_v2.fits,138.59122055,2.31394067865,45336,2004-01-04,B9.5V,3.82,3.88,10489.,4.2,-0.2,n,1,0.027,0.675,good,1675.28984402,10195.8155638,3.02021e-10
HD080607,h_stis_ngsl_hd080607_v2.fits,140.6655888,50.6038911247,45983,2004-04-28,G5,9.937,9.070,5511.,3.7,0.4,n,1,0.023,-0.72,good,1676.29964226,10195.8502956,9.89171e-13
HD081797,h_stis_ngsl_hd081797_v2.fits,141.896832294,-8.65859800719,46390,2002-01-11,K3II-III,3.486,2.004,4188.,1.4,-0.1,n,1,0.018,1.03,suspect,1675.60533418,10198.4519472,6.80112e-10
HD082395,h_stis_ngsl_hd082395_v2.fits,142.986354525,11.2997744837,46771,2002-02-01,K0III,6.024,4.973,4664.,2.4,-0.3,n,1,0.018,0.755,good,1675.45947461,10199.6538245,4.29347e-11
HD082734,h_stis_ngsl_hd082734_v2.fits,143.301906681,-21.1156984998,46880,2004-01-07,K0III,6.024,5.008,4949.,2.4,0.2,n,1,0.022,0.335,good,1675.33382084,10197.2501893,4.21926e-11
HD083212,h_stis_ngsl_hd083212_v2.fits,144.083122088,-20.8874490747,47139,2002-01-08,G8IIIw...,9.35,8.34,4448.,1.2,-1.8,a,1,0.014,0.795,good,1676.27397222,10198.276094,1.90786e-12
HD085380,h_stis_ngsl_hd085380_v2.fits,147.839873778,-6.18185379978,48351,2004-07-05,F8V,7.00,6.42,6142.,4.0,0.2,n,1,0.024,0.555,good,1675.32973851,10195.4118818,1.23451e-11
HD086322,h_stis_ngsl_hd086322_v2.fits,150.497048666,74.7590570724,49163,2001-12-27,K1III,7.935,6.894,4687.,2.3,-0.3,n,1,0.019,0.5,good,1675.79270291,10195.2738657,7.29649e-12
HD086986,h_stis_ngsl_hd086986_v2.fits,150.623372582,14.5567517988,49198,2004-03-14,A1V,8.11,8.01,8230.,3.5,-1.2,a,1,0.029,0.32,good,1676.26882243,10199.7861337,4.93384e-12
HD087140,h_stis_ngsl_hd087140_v2.fits,151.180036384,54.3453952146,49371,2001-11-04,K0,9.66,9.00,5093.,2.3,-2.0,a,1,0.011,0.455,good,1675.7295315,10197.8275577,9.94228e-13
HD087737,h_stis_ngsl_hd087737_v2.fits,151.833125468,16.7626629852,49583,2003-10-23,A0Ib,3.484,3.511,,,,,3,,0.235,good,1675.35727561,10199.3819307,3.80181e-10
HD090862,h_stis_ngsl_hd090862_v2.fits,157.435083079,16.9799723035,51388,2004-06-18,K2,10.16,8.67,3937.,0.9,-0.6,n,1,0.017,-0.825,good,1675.74121075,10198.6506665,1.78301e-12
HD091316,h_stis_ngsl_hd091316_v2.fits,158.202833585,9.30656920596,51624,2003-11-16,B1Iab,3.694,3.842,,,,,3,,0.6,good,1675.43919464,10196.1262126,1.62482e-09
HD093329,h_stis_ngsl_hd093329_v2.fits,161.652644938,11.1839633976,52707,2003-12-22,A0,8.86,8.76,8323.,3.3,-0.6,n,1,0.021,-0.05,good,1676.26262508,10199.7487001,2.52684e-12
HD093813,h_stis_ngsl_hd093813_v2.fits,162.406232469,-16.193515809,52943,2002-06-19,K0/K1III,4.36,3.11,4264.,1.6,-0.5,n,1,0.015,0.74,good,1675.43259195,10199.3029297,2.5624e-10
HD094028,h_stis_ngsl_hd094028_v2.fits,162.867017316,20.2772361599,53070,2002-02-08,F4V,8.70,8.23,6104.,4.2,-1.4,a,1,0.017,0.605,good,1675.16257036,10197.3115413,2.36833e-12
HD095241,h_stis_ngsl_hd095241_v2.fits,165.086065028,42.9116652867,53791,2001-11-03,F9V,6.574,6.035,6034.,3.7,-0.1,n,1,0.021,0.285,good,1675.70498453,10197.6282081,1.75013e-11
HD095418,h_stis_ngsl_hd095418_v2.fits,165.460487131,56.3824620558,53910,2004-05-22,A1V,2.376,2.346,,,,,,,0.315,good,1675.98608784,10199.1582475,1.01345e-09
HD095735,h_stis_ngsl_hd095735_v2.fits,165.833754912,35.967127899,54035,2002-02-08,M2V,9.00,7.49,,,,,3,,0.64,good,1675.01355863,10196.6116894,1.00214e-11
HD095849,h_stis_ngsl_hd095849_v2.fits,165.902403877,-0.000832688675614,54049,2004-06-03,K3III,7.184,5.943,4459.,1.9,-0.0,n,1,0.018,0.415,good,1675.02203443,10199.7629249,1.87967e-11
HD096446,h_stis_ngsl_hd096446_v2.fits,166.524239671,-59.9498712528,54266,2003-08-06,B2IIIp,6.543,6.683,,,,,3,,0.215,good,1675.83966877,10199.1477247,1.33099e-10
HD097633,h_stis_ngsl_hd097633_v2.fits,168.559960595,15.429471333,54879,2003-11-08,A2V,3.337,3.324,9107.,3.6,-0.2,n,1,0.020,0.155,good,1675.63853095,10198.6124877,4.29921e-10
HD099648,h_stis_ngsl_hd099648_v2.fits,171.984345273,2.8562417315,55945,2004-06-03,G8Iab:,5.945,4.950,4811.,2.0,-0.3,n,1,0.019,0.8,good,1675.59958279,10197.0064056,4.29237e-11
HD101013,h_stis_ngsl_hd101013_v2.fits,174.470781282,50.6181854573,56731,2003-11-07,G9III:,7.189,6.124,4837.,2.5,-0.0,n,1,0.023,-0.335,good,1676.30744374,10196.2790736,1.48584e-11
HD101107,h_stis_ngsl_hd101107_v2.fits,174.585486919,43.6253744448,56770,2004-06-04,F2II-III,5.885,5.573,6937.,3.9,-0.1,n,1,0.022,0.2,good,1675.15927988,10195.2425192,3.18703e-11
HD102212,h_stis_ngsl_hd102212_v2.fits,176.464830325,6.52926004583,57380,2002-02-26,M1III,5.584,4.050,3800.,1.1,0.1,n,2,0.042,0.81,good,1675.39780949,10199.1859459,1.58774e-10
HD102780,h_stis_ngsl_hd102780_v2.fits,177.533499732,20.2870629996,57714,2004-06-03,K2,9.80,8.18,3669.,0.5,-0.6,n,1,0.032,-0.18,good,1675.23401933,10198.8813313,3.4006e-12
HD103036,h_stis_ngsl_hd103036_v2.fits,177.958784185,-5.76230914178,57850,2002-02-26,G3Ibpv,9.47,8.18,4282.,0.8,-1.9,a,1,0.013,0.935,suspect,1675.01087186,10197.2169473,2.43654e-12
HD105452,h_stis_ngsl_hd105452_v2.fits,182.103499371,-24.728924197,59199,2004-04-08,F0IV/V,4.34,4.00,7120.,4.2,-0.2,n,1,0.023,-0.47,good,1676.19146537,10199.8088238,1.43501e-10
HD105546,h_stis_ngsl_hd105546_v2.fits,182.261325297,59.0180486604,59239,2001-09-23,G2IIIw,9.4,8.61,5123.,2.3,-1.8,a,1,0.016,0.83,good,1675.12656172,10196.5560171,1.41001e-12
HD105740,h_stis_ngsl_hd105740_v2.fits,182.570642474,16.3702771638,59334,2004-03-08,G5,9.32,8.38,4642.,2.2,-0.7,a,1,0.016,0.285,good,1676.28311639,10196.6283692,1.73489e-12
HD106304,h_stis_ngsl_hd106304_v2.fits,183.473019425,-40.8736771481,59644,2004-05-22,B9V,9.10,9.07,9376.,3.6,-1.8,a,1,0.015,-0.325,good,1676.23022749,10199.8986614,2.13357e-12
HD106516,h_stis_ngsl_hd106516_v2.fits,183.794015313,-10.3136588511,59750,2004-06-24,F5V,6.57,6.11,6310.,4.3,-0.7,a,1,0.020,0.355,good,1675.07527594,10195.6935857,1.72256e-11
HD107582,h_stis_ngsl_hd107582_v2.fits,185.366506526,61.7469558927,60268,2004-02-13,G2V,8.81,8.20,5642.,4.3,-0.6,a,1,0.022,-0.675,good,1676.07155158,10199.4397631,2.25162e-12
HD108945,h_stis_ngsl_hd108945_v2.fits,187.752321027,24.5671644358,61071,2003-07-13,A2pv,5.506,5.440,8642.,3.9,0.5,n,1,0.033,0.865,good,1675.47429464,10196.4507229,5.40143e-11
HD109387,h_stis_ngsl_hd109387_v2.fits,188.370490214,69.7882573103,61281,2002-04-30,B6IIIpe,3.766,3.881,,,,,3,,0.6,good,1676.21331746,10195.635284,7.71808e-10
HD109995,h_stis_ngsl_hd109995_v2.fits,189.698180813,39.3086303113,61696,2003-12-12,A0p,7.643,7.598,8251.,3.3,-1.6,a,1,0.015,0.02,good,1675.21388867,10196.5283108,7.73488e-12
HD110073,h_stis_ngsl_hd110073_v2.fits,189.968783848,-39.9873416809,61789,2004-03-26,B8II/III,4.548,4.627,12041.,3.8,-0.4,n,2,0.069,0.72,good,1675.52328284,10198.2477521,2.80084e-10
HD110885,h_stis_ngsl_hd110885_v2.fits,191.330204595,1.0558269269,62235,2002-02-22,G0,9.74,9.14,5823.,2.9,-0.8,a,1,0.017,0.785,good,1675.4836637,10196.8421546,8.82971e-13
HD111464,h_stis_ngsl_hd111464_v2.fits,192.558384181,-62.6412626673,62651,2004-01-09,K3III,8.046,6.622,4004.,1.0,-0.6,n,1,0.017,-0.07,good,1676.35990908,10195.904373,1.10443e-11
HD111515,h_stis_ngsl_hd111515_v2.fits,192.436675396,1.18724994807,62607,2004-06-19,G8V,8.86,8.10,5549.,4.4,-0.3,n,1,0.025,-0.36,good,1676.12226231,10199.7537875,2.37876e-12
HD111721,h_stis_ngsl_hd111721_v2.fits,192.854814887,-13.4913524358,62747,2002-01-07,G6V,8.78,7.97,4911.,2.2,-1.9,a,1,0.013,0.815,good,1676.2882224,10196.8724759,2.51704e-12
HD111786,h_stis_ngsl_hd111786_v2.fits,192.991127083,-26.7382498534,62788,2003-07-16,A0III,6.352,6.145,7598.,3.9,-1.3,a,1,0.022,0.465,good,1675.8557685,10198.3277526,2.32641e-11
HD112413,h_stis_ngsl_hd112413_v2.fits,194.006606487,38.3184461556,63125,2004-01-29,A0spe...,2.78,2.90,11687.,4.0,0.5,n,2,0.051,0.355,good,1676.19599882,10196.3821595,8.81821e-10
HD113002,h_stis_ngsl_hd113002_v2.fits,195.119601512,19.6320410305,63484,2004-06-21,K0,9.45,8.76,5342.,2.7,-0.6,n,1,0.020,0.255,good,1676.05678049,10197.9603768,1.28765e-12
HD113092,h_stis_ngsl_hd113092_v2.fits,194.979105186,66.5972526387,63432,2004-02-06,K2III,6.675,5.378,4203.,1.3,-0.6,n,1,0.015,0.35,good,1675.64505607,10196.9962176,3.15626e-11
HD114330,h_stis_ngsl_hd114330_v2.fits,197.487450097,-5.53901756225,64238,2002-04-04,A1IVs+...,4.381,4.381,9289.,3.6,-0.1,n,1,0.021,0.7,good,1675.54503788,10197.4866578,1.34779e-10
HD114710,h_stis_ngsl_hd114710_v2.fits,197.967400584,27.8790474068,64394,2003-07-08,G0V,4.83,4.26,6142.,4.4,0.2,n,1,0.026,0.555,good,1675.21065288,10196.3439408,9.25478e-11
HD115617,h_stis_ngsl_hd115617_v2.fits,199.600665731,-18.3118401459,64924,2002-02-17,G5V,5.45,4.74,5557.,4.3,0.0,n,1,0.026,0.56,good,1675.48061384,10198.3335422,5.46102e-11
HD117880,h_stis_ngsl_hd117880_v2.fits,203.37410732,-18.5152285268,66141,2003-07-27,B9IV/V,9.08,9.06,9426.,3.7,-0.6,n,1,0.029,0.905,suspect,1675.91921538,10197.6591773,1.95472e-12
HD118055,h_stis_ngsl_hd118055_v2.fits,203.666285627,-16.3229893473,66246,2002-01-02,K0w...,10.10,8.89,4320.,0.9,-1.8,a,1,0.014,0.61,good,1675.96717151,10198.5017862,1.29674e-12
HD119971,h_stis_ngsl_hd119971_v2.fits,206.910353448,-50.3206866691,67304,2003-07-19,K2III,6.821,5.467,4034.,1.1,-0.8,a,1,0.019,0.705,good,1675.23987324,10197.541098,3.11377e-11
HD121146,h_stis_ngsl_hd121146_v2.fits,207.746075443,68.3152700351,67589,2001-12-25,K2IV,7.588,6.402,4387.,2.2,-0.1,n,1,0.017,0.35,good,1675.90035253,10198.4158751,1.23789e-11
HD122064,h_stis_ngsl_hd122064_v2.fits,209.383570958,61.4929602503,68184,2001-12-20,K3V,7.544,6.494,4908.,4.5,0.4,n,1,0.021,0.72,good,1676.20046757,10196.2689714,1.11667e-11
HD122956,h_stis_ngsl_hd122956_v2.fits,211.304219644,-14.8571088132,68807,2002-06-10,G6IV/Vw...,8.18,7.25,4625.,1.4,-2.0,a,1,0.011,0.8,good,1675.15238434,10195.1307735,5.1705e-12
HD123657,h_stis_ngsl_hd123657_v2.fits,211.982342455,43.8544224353,69038,2003-09-28,M4.5:III,6.71,5.22,,,,,3,,-0.235,good,1676.17627522,10196.720203,1.85487e-10
HD124186,h_stis_ngsl_hd124186_v2.fits,212.812971148,32.2959465795,69316,2004-06-14,K4III,7.413,6.139,4420.,2.2,0.2,n,1,0.019,0.21,good,1675.54248118,10196.5693384,1.56989e-11
HD124425,h_stis_ngsl_hd124425_v2.fits,213.420174836,-0.845587110264,69493,2003-08-12,F7Vw,6.38,5.90,6389.,3.6,-0.0,n,1,0.020,0.41,good,1675.05542271,10199.4060489,2.10833e-11
HD124547,h_stis_ngsl_hd124547_v2.fits,212.212146321,77.5475417494,69112,2001-12-23,K3III,6.205,4.813,4084.,1.2,-0.4,n,1,0.016,0.895,good,1675.33719932,10199.5834144,5.60649e-11
HD126327,h_stis_ngsl_hd126327_v2.fits,216.048484266,25.7036487019,70401,2004-07-29,M7.5,9.24,7.97,,,,,3,,-0.72,good,1675.81564236,10198.8821628,3.91032e-10
HD126511,h_stis_ngsl_hd126511_v2.fits,216.203789835,41.2749770668,70470,2002-02-18,G5,9.115,8.359,5486.,4.3,0.2,n,1,0.025,0.405,good,1675.3108438,10199.1961133,1.92505e-12
HD126614,h_stis_ngsl_hd126614_v2.fits,216.700982021,-5.17796353611,70623,2004-08-01,K0,9.9,8.7,5437.,4.0,0.5,n,1,0.027,-0.345,good,1675.09456182,10198.2189168,1.30412e-12
HD126661,h_stis_ngsl_hd126661_v2.fits,216.613945531,19.2269271537,70602,2003-12-23,F0m,5.630,5.406,7757.,3.6,0.4,n,1,0.028,-0.415,good,1675.92054234,10196.6742789,4.655e-11
HD128000,h_stis_ngsl_hd128000_v2.fits,218.128927342,55.3980018259,71111,2003-11-01,K5III,7.299,5.737,3837.,0.9,-0.4,n,1,0.025,0.83,good,1675.03599227,10195.4940248,2.8427e-11
HD128279,h_stis_ngsl_hd128279_v2.fits,219.202184305,-29.1131434412,71458,2002-01-07,G0,8.60,7.97,5456.,3.0,-2.0,a,1,0.013,0.635,good,1676.14107982,10199.6680439,2.39312e-12
HD128801,h_stis_ngsl_hd128801_v2.fits,219.70037446,7.91108377913,71615,2004-07-27,B9,8.69,8.73,10123.,3.7,-1.9,a,1,0.014,0.58,good,1676.00940749,10195.2321791,2.9193e-12
HD128987,h_stis_ngsl_hd128987_v2.fits,220.129517326,-16.2093245367,71743,2001-09-11,G6V,7.92,7.24,5537.,4.4,-0.0,n,1,0.025,0.93,suspect,1675.63003952,10197.0233699,5.00663e-12
HD131873,h_stis_ngsl_hd131873_v2.fits,222.676278381,74.1555155135,72607,2002-06-12,K4III,3.589,2.078,3926.,0.9,-0.6,n,1,0.017,0.805,good,1675.35731473,10199.9288787,7.26954e-10
HD132345,h_stis_ngsl_hd132345_v2.fits,224.723113891,-11.1440875931,73310,2004-06-08,K3IIICN...,7.152,5.865,4442.,2.3,0.2,n,1,0.023,0.22,good,1676.36087988,10196.9536845,2.00366e-11
HD132475,h_stis_ngsl_hd132475_v2.fits,224.957040961,-22.0129934464,73385,2002-01-07,F5/F6V,9.10,8.57,5687.,3.6,-1.6,a,1,0.016,0.51,good,1676.14010318,10196.4320391,1.61259e-12
HD134113,h_stis_ngsl_hd134113_v2.fits,226.94311774,8.87971012119,74033,2004-06-05,F9V,8.83,8.26,5820.,3.9,-0.6,a,1,0.022,0.395,good,1675.34195987,10196.9989326,2.14447e-12
HD134439,h_stis_ngsl_hd134439_v2.fits,227.553954038,-16.3814028029,74235,2002-01-05,K0/K1V,9.837,9.066,5130.,4.7,-1.5,a,1,0.032,1.11,suspect,1676.29317246,10198.880641,6.61002e-13
HD134440,h_stis_ngsl_hd134440_v2.fits,227.553425924,-16.4649929303,74234,2002-02-08,K0V:,10.217,9.426,4970.,4.7,-1.1,a,1,0.028,0.57,good,1676.21986322,10199.9692651,6.89637e-13
HD136726,h_stis_ngsl_hd136726_v2.fits,229.274551619,71.8239153877,74793,2002-01-26,K4III,6.415,5.024,4093.,1.3,-0.4,n,1,0.016,0.715,good,1675.40219687,10199.2425651,4.71797e-11
HD137759,h_stis_ngsl_hd137759_v2.fits,231.232387802,58.9660789751,75458,2002-02-14,K2III,4.493,3.310,4563.,2.3,-0.2,n,1,0.028,1.13,suspect,1676.19828744,10196.011473,1.58711e-10
HD137909,h_stis_ngsl_hd137909_v2.fits,231.956976058,29.1058001993,75695,2003-08-25,F0p,3.96,3.68,7663.,3.8,0.0,n,2,0.045,-0.155,good,1675.55286423,10196.8356665,2.03112e-10
HD138716,h_stis_ngsl_hd138716_v2.fits,233.544796701,-10.0646828602,76219,2002-02-25,K1IV,5.63,4.61,4771.,2.9,-0.1,n,1,0.019,0.925,suspect,1675.4850571,10198.6810467,5.49414e-11
HD138749,h_stis_ngsl_hd138749_v2.fits,233.232393347,31.35913526,76127,2003-09-08,B6Vnne,4.036,4.153,14141.,3.8,-0.6,n,2,0.066,0.545,good,1675.74982764,10198.9343824,6.17898e-10
HD140232,h_stis_ngsl_hd140232_v2.fits,235.477884393,18.464101973,76878,2004-07-23,A2m,6.004,5.804,8157.,4.2,0.5,n,1,0.028,0.355,good,1676.33055572,10199.6206654,3.30362e-11
HD141795,h_stis_ngsl_hd141795_v2.fits,237.704195173,4.47779761696,77622,2004-01-04,A2m,3.859,3.713,8419.,4.2,0.3,n,1,0.026,0.725,good,1675.61442357,10196.5804648,2.46919e-10
HD141851,h_stis_ngsl_hd141851_v2.fits,237.8148918,-3.0905131653,77660,2003-09-16,A3Vn,5.23,5.10,8231.,4.0,-0.2,n,1,0.021,0.535,good,1676.28004747,10195.2789051,6.96582e-11
HD142091,h_stis_ngsl_hd142091_v2.fits,237.808048476,35.6571714623,77655,2002-02-22,K1IVa,5.82,4.82,4749.,2.9,-0.1,n,1,0.020,0.69,good,1675.45186762,10197.0305049,5.08534e-11
HD142703,h_stis_ngsl_hd142703_v2.fits,239.139148193,-14.8294884974,78078,2004-06-07,A2Ib/II,6.340,6.123,7337.,3.9,-1.4,a,1,0.017,-0.11,good,1675.16753478,10196.9085918,2.2905e-11
HD142860,h_stis_ngsl_hd142860_v2.fits,239.113477113,15.6608508845,78072,2002-02-05,F6IV,4.33,3.85,6397.,4.2,-0.1,n,1,0.023,0.925,suspect,1675.28186359,10196.4089098,1.32391e-10
HD142926,h_stis_ngsl_hd142926_v2.fits,238.877436416,42.5661979595,77986,2003-08-02,B9pe,5.64,5.74,11908.,3.8,0.1,n,1,0.035,0.73,good,1676.28283538,10197.7989895,8.00673e-11
HD143107,h_stis_ngsl_hd143107_v2.fits,239.396817133,26.8778460341,78159,2002-01-02,K2III,5.389,4.143,4303.,1.7,-0.4,n,1,0.015,0.91,suspect,1675.29992077,10196.7833098,9.12975e-11
HD143459,h_stis_ngsl_hd143459_v2.fits,240.198447874,-8.41137669902,78436,2004-03-11,A0Vs,5.570,5.530,9878.,3.6,-0.6,n,1,0.023,0.09,good,1675.59028305,10197.5764951,5.20707e-11
HD145328,h_stis_ngsl_hd145328_v2.fits,242.242866174,36.4913847425,79119,2004-07-29,K1III-IV,5.77,4.76,4764.,2.8,-0.2,n,1,0.020,0.34,good,1675.07540461,10195.9104344,5.31866e-11
HD146051,h_stis_ngsl_hd146051_v2.fits,243.586371331,-3.69449870239,79593,2004-07-18,M0.5III,4.32,2.74,3667.,0.7,-0.3,n,2,0.040,0.74,good,1675.80287668,10199.6587893,5.49641e-10
HD146233,h_stis_ngsl_hd146233_v2.fits,243.905451599,-8.36975133192,79672,2002-02-11,G2Va,6.15,5.50,5842.,4.4,0.1,n,1,0.024,0.905,suspect,1675.65364179,10197.7456997,2.69259e-11
HD147394,h_stis_ngsl_hd147394_v2.fits,244.935157287,46.3134200905,79992,2004-04-03,B5IV,3.74,3.89,,,,,3,,-0.08,good,1676.06234165,10198.9587059,9.9114e-10
HD147550,h_stis_ngsl_hd147550_v2.fits,245.662071328,-2.07988460953,80227,2003-08-14,B9V,6.300,6.245,10074.,3.9,-0.0,n,1,0.033,0.245,good,1675.21309169,10195.3198678,2.64958e-11
HD148293,h_stis_ngsl_hd148293_v2.fits,245.45292786,69.1093786424,80161,2004-03-31,K2III,6.388,5.272,4642.,2.4,0.0,n,1,0.021,0.31,good,1675.55324019,10197.2342088,3.33645e-11
HD148513,h_stis_ngsl_hd148513_v2.fits,247.141583009,0.664918517554,80693,2004-06-07,K4III,6.892,5.401,4003.,1.3,-0.3,n,1,0.021,0.25,good,1675.82321886,10196.6507242,3.55889e-11
HD149161,h_stis_ngsl_hd149161_v2.fits,248.151124014,11.4879824669,81008,2002-02-26,K4III,6.33,4.84,3884.,1.1,-0.3,n,1,0.022,0.62,good,1675.07695798,10198.1068247,6.44388e-11
HD149382,h_stis_ngsl_hd149382_v2.fits,248.597247525,-4.01445691545,81145,2003-07-15,B5,8.66,8.90,,,,,3,,0.025,good,1675.10862164,10196.0954646,4.46857e-11
HD155763,h_stis_ngsl_hd155763_v2.fits,257.196635383,65.7147085425,83895,2004-03-31,B6III,3.071,3.174,,,,,3,,0.13,good,1675.44001961,10197.2065264,1.12754e-09
HD156283,h_stis_ngsl_hd156283_v2.fits,258.761768764,36.8091751724,84380,2003-11-28,K3Iab:,4.617,3.156,4133.,1.3,-0.1,n,1,0.018,-0.155,good,1675.09485512,10196.9616178,2.57752e-10
HD157244,h_stis_ngsl_hd157244_v2.fits,261.324944564,-55.5299258891,85258,2004-06-20,K3Ib-II,4.341,2.832,4206.,1.3,-0.1,n,1,0.027,0.385,good,1675.52034584,10198.399628,3.52841e-10
HD159181,h_stis_ngsl_hd159181_v2.fits,262.608143253,52.3014010486,85670,2003-11-27,G2Iab:,3.77,2.79,4542.,1.5,-0.6,n,2,0.080,-0.32,good,1675.70307357,10196.4965746,3.19719e-10
HD160346,h_stis_ngsl_hd160346_v2.fits,264.820395389,3.55517010139,86400,2002-02-17,K3V,7.48,6.52,5004.,4.5,0.1,n,1,0.023,0.475,good,1675.46341679,10198.8405869,1.05124e-11
HD160762,h_stis_ngsl_hd160762_v2.fits,264.866154584,46.0063482179,86414,2003-08-10,B3IV,3.636,3.794,,,,,3,,-0.675,good,1675.89081107,10199.3985504,1.68367e-09
HD160922,h_stis_ngsl_hd160922_v2.fits,264.237848221,68.7583037702,86201,2003-08-10,F5V,5.23,4.80,6600.,4.0,0.0,n,1,0.023,0.15,good,1675.50255723,10196.8185754,6.16462e-11
HD161770,h_stis_ngsl_hd161770_v2.fits,266.941883529,-9.60524160757,87101,2002-02-06,G0,10.32,9.66,5818.,3.8,-1.6,a,1,0.017,0.7,good,1676.01267225,10198.3000563,5.18637e-13
HD163346,h_stis_ngsl_hd163346_v2.fits,268.906338302,2.07492850968,87761,2002-02-22,A3,7.31,6.79,5597.,2.5,-0.6,n,2,0.074,0.44,good,1675.74120707,10198.9241753,8.06746e-12
HD163641,h_stis_ngsl_hd163641_v2.fits,269.233217086,6.48771579021,87866,2003-08-14,B9III,6.267,6.285,11482.,3.9,-0.1,n,2,0.041,-0.05,good,1675.99830889,10195.5213674,3.55171e-11
HD163810,h_stis_ngsl_hd163810_v2.fits,269.659972375,-13.0975522143,88010,2002-02-17,G3V,10.24,9.62,5876.,4.4,-1.2,a,1,0.019,0.885,good,1675.64614553,10199.2717349,4.37908e-13
HD164058,h_stis_ngsl_hd164058_v2.fits,269.151538784,51.4888625051,87833,2004-03-30,K5III,3.75,2.23,3896.,0.9,-0.4,n,1,0.024,-0.41,good,1675.97187994,10197.512509,6.96483e-10
HD164257,h_stis_ngsl_hd164257_v2.fits,270.030501196,6.55392685252,88132,2004-05-04,A0,6.8,6.7,7977.,3.5,-0.1,n,2,0.043,-0.36,good,1675.73498668,10198.7376793,1.54643e-11
HD164353,h_stis_ngsl_hd164353_v2.fits,270.161333013,2.93155615988,88192,2003-07-28,B5Ib,3.972,3.974,,,,,3,,-0.12,good,1675.24046298,10197.0023523,5.19934e-10
HD164402,h_stis_ngsl_hd164402_v2.fits,270.476583333,-22.7802881617,88298,2003-09-16,B0Iab/Ib,5.704,5.749,,,,,3,,-0.8,good,1675.9146943,10198.1705336,3.25649e-10
HD164967,h_stis_ngsl_hd164967_v2.fits,270.837705509,8.4193646428,88436,2003-09-21,A0,7.4,7.0,8534.,4.1,-0.6,n,1,0.026,0.37,good,1675.1775019,10196.2552676,1.02718e-11
HD165195,h_stis_ngsl_hd165195_v2.fits,271.166951469,3.77902683182,88527,2002-02-16,K3p,8.58,7.34,4060.,0.6,-1.8,a,1,0.034,0.705,good,1676.09405338,10197.6860517,5.76221e-12
HD165341,h_stis_ngsl_hd165341_v2.fits,271.363669253,2.49964658939,88601,2001-09-18,K0V,4.89,4.03,5319.,4.4,0.1,n,1,0.022,0.705,good,1675.01443577,10196.4125527,8.45316e-11
HD166208,h_stis_ngsl_hd166208_v2.fits,271.869753376,43.4618187385,88788,2004-04-01,G8IIICN...,5.904,5.011,5107.,2.3,0.0,n,1,0.025,-0.015,good,1675.64244232,10198.3654859,4.17995e-11
HD166229,h_stis_ngsl_hd166229_v2.fits,272.00919728,36.4010513755,88836,2004-03-30,K2.5III,6.65,5.48,4576.,2.5,0.1,n,1,0.020,-0.14,good,1676.07931871,10195.4667531,2.71155e-11
HD166283,h_stis_ngsl_hd166283_v2.fits,272.436633567,4.60314988909,88983,2003-07-14,A0,7.95,7.77,8289.,4.1,0.1,n,1,0.028,0.68,good,1676.20744246,10198.7394012,5.27681e-12
HD166991,h_stis_ngsl_hd166991_v2.fits,273.265946637,2.98058781169,89277,2003-08-12,A2,6.929,6.821,8497.,4.0,-0.3,n,1,0.021,0.445,good,1676.0495407,10198.1596362,1.48089e-11
HD167006,h_stis_ngsl_hd167006_v2.fits,272.975664271,31.4053524564,89172,2002-02-09,M3III,6.625,4.994,3536.,0.4,-0.3,n,2,0.059,0.66,good,1675.14100937,10197.6905581,1.0427e-10
HD167105,h_stis_ngsl_hd167105_v2.fits,272.776234185,50.7922692594,89102,2003-07-13,A0,8.97,8.93,8574.,3.4,-0.6,n,1,0.031,0.935,suspect,1675.1801708,10196.2268146,1.96909e-12
HD167278,h_stis_ngsl_hd167278_v2.fits,273.640214388,0.175797590258,89393,2002-02-14,F2,8.08,7.67,6609.,4.2,-0.1,n,1,0.023,0.855,good,1675.02586858,10196.4565305,2.44325e-12
HD167946,h_stis_ngsl_hd167946_v2.fits,274.309873318,5.75355820653,89612,2003-10-28,A0,7.36,7.35,10634.,4.3,-0.1,n,1,0.030,0.63,good,1676.33540331,10195.2220462,1.05602e-11
HD169191,h_stis_ngsl_hd169191_v2.fits,275.704385296,17.8266296563,90067,2001-10-29,K3III,6.524,5.261,4245.,1.6,-0.4,n,1,0.015,0.825,good,1676.04236668,10198.8171819,3.60401e-11
HD170737,h_stis_ngsl_hd170737_v2.fits,277.475593124,26.6572465248,90659,2004-05-23,G8III-IV,8.91,8.13,4942.,3.0,-0.9,a,1,0.017,0.485,good,1676.18514119,10198.7702547,2.23478e-12
HD170756,h_stis_ngsl_hd170756_v2.fits,277.567666824,21.8668367401,90697,2004-01-30,F4Ibpv,8.26,7.63,6252.,2.4,-0.0,n,2,0.040,-0.525,good,1676.02180359,10199.1823011,3.42322e-12
HD170973,h_stis_ngsl_hd170973_v2.fits,278.028721779,3.65959475603,90858,2004-07-26,A0sp...,6.387,6.414,10676.,3.3,0.5,n,2,0.064,0.45,good,1676.07641618,10198.9829546,2.49079e-11
HD172230,h_stis_ngsl_hd172230_v2.fits,279.728957717,6.27079686838,91440,2004-07-27,A5,7.5,7.1,7542.,3.4,0.5,n,1,0.030,-0.03,good,1675.77203418,10197.0188468,8.52125e-12
HD172506,h_stis_ngsl_hd172506_v2.fits,280.130409909,2.68442475847,91580,2001-10-25,F2,8.26,7.95,7226.,4.1,0.0,n,1,0.027,0.955,suspect,1675.23449285,10198.0213124,3.4815e-12
HD173158,h_stis_ngsl_hd173158_v2.fits,280.938792033,5.73739865445,91870,2004-05-19,K0,9.39,7.93,3856.,0.5,-1.3,a,2,0.038,0.405,good,1675.22656627,10196.4711714,3.94819e-12
HD173819,h_stis_ngsl_hd173819_v2.fits,281.8705836,-5.70519770515,92202,2004-07-19,K0Ibpv,6.70,5.41,3714.,0.6,-0.6,a,2,0.071,-0.17,good,1676.10374731,10199.3404981,2.85373e-11
HD174240,h_stis_ngsl_hd174240_v2.fits,282.404967634,0.836168359578,92386,2003-07-09,A1V,6.274,6.236,9274.,3.8,-0.2,n,1,0.019,0.28,good,1675.068002,10196.3120641,2.78316e-11
HD174959,h_stis_ngsl_hd174959_v2.fits,282.902167695,36.5391002967,92551,2004-03-30,B6IV,5.993,6.090,14123.,3.7,-0.6,n,1,0.030,0.63,good,1675.03059878,10195.929282,9.70907e-11
HD174966,h_stis_ngsl_hd174966_v2.fits,283.282624535,1.75548252425,92683,2003-07-15,A3,7.94,7.72,7693.,4.0,0.1,n,1,0.025,0.82,good,1675.71832464,10197.8693045,5.17079e-12
HD175156,h_stis_ngsl_hd175156_v2.fits,283.679666508,-15.6030498936,92814,2004-07-20,B3II,5.223,5.098,,,,,3,,0.6,good,1676.16560679,10199.968104,6.56207e-11
HD175305,h_stis_ngsl_hd175305_v2.fits,281.777509001,74.7254598202,92167,2002-01-05,G5III,7.93,7.20,5037.,2.5,-1.6,a,1,0.016,1.005,suspect,1676.06608828,10196.9721923,4.57432e-12
HD175545,h_stis_ngsl_hd175545_v2.fits,283.964388952,-0.739612635798,92914,2004-06-19,K2III,8.60,7.40,4420.,2.4,0.0,n,1,0.018,-0.16,good,1676.05326976,10195.5015249,4.81891e-12
HD175640,h_stis_ngsl_hd175640_v2.fits,284.094415632,-1.79987388001,92963,2003-08-14,B9III,6.150,6.198,11237.,3.9,-0.2,n,2,0.057,0.635,good,1675.55244649,10198.2133701,4.50327e-11
HD175674,h_stis_ngsl_hd175674_v2.fits,284.720832549,-48.5059322065,93188,2004-07-23,K3IIICN...,8.03,6.64,4242.,1.6,-0.1,n,1,0.022,0.575,good,1675.50564079,10195.624182,9.86092e-12
HD175805,h_stis_ngsl_hd175805_v2.fits,284.241961099,2.46168937909,93016,2001-10-28,F8,8.15,7.66,6274.,3.6,0.2,n,1,0.021,0.825,good,1675.86653932,10196.2551734,3.99002e-12
HD175865,h_stis_ngsl_hd175865_v2.fits,283.833801953,43.9461329458,92862,2002-02-25,M5III,5.59,4.20,,,,,3,,0.765,good,1675.5798325,10198.6995634,8.21378e-10
HD176232,h_stis_ngsl_hd176232_v2.fits,284.695499209,13.9066056792,93179,2003-07-18,F0spe...,6.160,5.913,7615.,3.9,0.3,n,1,0.030,0.97,suspect,1675.46702887,10197.0241174,2.55038e-11
HD176437,h_stis_ngsl_hd176437_v2.fits,284.735915047,32.6895622691,93194,2003-10-16,B9III,3.19,3.24,,,,,3,,0.265,good,1675.10418498,10196.4616962,4.79479e-10
HD181720,h_stis_ngsl_hd181720_v2.fits,290.720887744,-32.9195785827,95262,2004-06-04,G1V,8.44,7.86,5709.,3.9,-0.6,a,1,0.021,-0.73,good,1675.06926359,10196.5035557,3.2911e-12
HD183324,h_stis_ngsl_hd183324_v2.fits,292.254125045,1.95041716801,95793,2003-07-12,A0V,5.876,5.793,8673.,4.1,-1.1,a,1,0.024,0.96,suspect,1675.41580612,10197.822684,3.36991e-11
HD183915,h_stis_ngsl_hd183915_v2.fits,292.856249907,11.6279559803,96024,2004-07-19,Kp,8.65,7.29,4319.,1.4,-0.4,n,1,0.022,0.5,good,1675.7237798,10196.7490012,5.18158e-12
HD184266,h_stis_ngsl_hd184266_v2.fits,293.5642056,-16.3168526567,96248,2002-04-07,F2V,8.16,7.57,6109.,3.0,-1.1,a,1,0.018,0.875,good,1675.16940313,10196.8295704,3.70644e-12
HD185144,h_stis_ngsl_hd185144_v2.fits,293.090794225,69.6602122258,96100,2001-11-25,K0V,5.47,4.70,5293.,4.5,-0.1,n,1,0.022,0.44,good,1676.2332998,10195.1815135,5.58491e-11
HD185351,h_stis_ngsl_hd185351_v2.fits,294.158139605,44.6948935193,96459,2001-09-24,G9IIIbCN...,6.105,5.180,4904.,3.0,-0.1,n,1,0.020,0.73,good,1675.81263508,10195.9969988,3.55128e-11
HD187111,h_stis_ngsl_hd187111_v2.fits,297.164929847,-12.1221773032,97468,2002-04-05,G8wv...,8.92,7.75,4423.,1.1,-1.8,a,1,0.015,0.805,good,1676.20120604,10197.8050863,3.63491e-12
HD187879,h_stis_ngsl_hd187879_v2.fits,297.655541572,40.5997492029,97634,2004-01-01,B1III+...,5.622,5.680,,,,,3,,-0.375,good,1676.34481602,10199.0098341,1.53423e-10
HD188262,h_stis_ngsl_hd188262_v2.fits,298.441375,16.7780891921,97904,2001-10-17,G0,8.49,7.74,,,,,3,,0.88,good,1675.08290665,10197.4018725,3.35853e-12
HD190073,h_stis_ngsl_hd190073_v2.fits,300.760458333,5.73794495168,98719,2003-07-09,A2IVe,7.92,7.82,,,,,3,,0.61,good,1676.34851063,10195.8699819,5.75671e-12
HD190360,h_stis_ngsl_hd190360_v2.fits,300.906897615,29.8961581305,98767,2004-07-26,G6IV+...,6.44,5.71,5531.,4.2,0.2,n,1,0.027,-0.74,good,1675.67076244,10197.5533073,2.11272e-11
HD190404,h_stis_ngsl_hd190404_v2.fits,300.966526165,23.3401413296,98792,2002-03-01,K1V,8.10,7.28,5110.,4.6,-0.3,n,1,0.026,0.77,good,1675.24827262,10197.0114341,4.89969e-12
HD191026,h_stis_ngsl_hd191026_v2.fits,301.590565445,35.972184873,99031,2002-02-27,K0IV,6.21,5.36,5149.,3.7,0.1,n,1,0.022,0.335,good,1675.29608965,10196.825408,2.93232e-11
HD191277,h_stis_ngsl_hd191277_v2.fits,301.387372226,61.9955157673,98962,2004-06-23,K3III,6.617,5.415,4476.,2.5,0.1,n,1,0.018,0.05,good,1675.82534127,10198.4560455,3.03048e-11
HD193281,h_stis_ngsl_hd193281_v2.fits,305.116165991,-29.1972260144,100288,2003-08-21,A2III,6.47,6.30,8249.,3.6,-0.6,n,1,0.018,0.215,good,1675.11741094,10196.8849415,1.61265e-11
HD193495,h_stis_ngsl_hd193495_v2.fits,305.252862555,-14.7813406557,100345,2003-10-13,K0:II:+...,3.87,3.08,,,,,3,,-0.48,good,1675.99791116,10198.4169622,2.40767e-10
HD194093,h_stis_ngsl_hd194093_v2.fits,305.557083183,40.2566904219,100453,2004-01-11,F8Iab:,2.898,2.237,,,,,3,,-0.195,good,1675.86147534,10195.8680565,5.92132e-10
HD194453,h_stis_ngsl_hd194453_v2.fits,306.355957475,6.64179910621,100734,2003-08-29,A0,6.743,6.753,10241.,3.9,0.0,n,1,0.023,0.0,good,1675.22870361,10196.7115145,1.84266e-11
HD195434,h_stis_ngsl_hd195434_v2.fits,307.806537627,5.21939543969,101236,2004-07-04,K0,11.71,11.01,5152.,4.6,-0.5,n,1,0.026,0.145,good,1675.98997884,10199.1394514,7.7741e-13
HD196218,h_stis_ngsl_hd196218_v2.fits,308.928518026,3.30283498167,101620,2001-10-19,F8,7.88,7.44,6367.,4.2,0.0,n,1,0.023,0.455,good,1675.05291492,10195.9946224,5.05725e-12
HD196426,h_stis_ngsl_hd196426_v2.fits,309.326583605,0.0969693008,101746,2002-04-29,B8IIIp,6.119,6.206,12800.,4.0,-0.5,n,1,0.029,0.21,good,1675.40321038,10197.9602673,6.87363e-11
HD196662,h_stis_ngsl_hd196662_v2.fits,309.818000066,-14.9547905629,101923,2003-07-24,B7III,5.118,5.244,14204.,3.7,-0.6,n,1,0.031,0.78,good,1675.71391486,10196.5032617,1.46767e-10
HD196725,h_stis_ngsl_hd196725_v2.fits,309.683250765,13.3151392365,101882,2004-05-21,K3Iab:,7.245,5.705,4003.,0.9,-0.6,n,1,0.022,0.435,good,1676.30725346,10198.1757609,2.65067e-11
HD196892,h_stis_ngsl_hd196892_v2.fits,310.205793449,-18.793095569,102046,2004-05-30,F6V,8.73,8.23,6086.,4.1,-1.0,a,1,0.018,0.425,good,1675.48603801,10197.4463239,2.31537e-12
HD197177,h_stis_ngsl_hd197177_v2.fits,310.260584378,32.3072622991,102066,2004-06-03,G8IIb,6.39,5.51,4748.,1.9,-0.4,n,1,0.019,0.545,good,1675.11053758,10196.4626447,2.26174e-11
HD198809,h_stis_ngsl_hd198809_v2.fits,313.031982304,27.0969531359,103004,2002-01-13,G7III,5.389,4.576,5291.,2.9,-0.0,n,1,0.020,0.56,good,1676.3041083,10195.5126638,6.19725e-11
HD200081,h_stis_ngsl_hd200081_v2.fits,315.343414864,-2.51400490634,103744,2001-10-23,G0,8.73,7.95,5120.,2.6,-0.5,n,1,0.034,0.56,good,1675.20225764,10195.5976565,2.69345e-12
HD200905,h_stis_ngsl_hd200905_v2.fits,316.232795619,43.9278604483,104060,2002-02-17,K4.5Ib-II,5.372,3.723,3793.,0.6,-0.6,n,1,0.030,0.55,good,1675.76664289,10195.9542725,1.99414e-10
HD201091,h_stis_ngsl_hd201091_v2.fits,316.731411416,38.7534701309,104214,2004-06-03,K5V,6.39,5.21,4404.,4.6,-0.1,n,1,0.030,0.235,good,1676.00503963,10195.3794057,3.76386e-11
HD201377,h_stis_ngsl_hd201377_v2.fits,317.316749255,-0.234927994731,104430,2003-11-11,A3,6.814,6.659,8084.,3.9,0.0,n,1,0.023,0.53,good,1675.49954813,10199.9820107,1.57843e-11
HD201601,h_stis_ngsl_hd201601_v2.fits,317.585462428,10.1313902382,104521,2004-06-20,A9p,4.983,4.712,7631.,4.0,-0.1,n,1,0.034,0.645,good,1675.28169154,10196.7572781,7.84345e-11
HD203638,h_stis_ngsl_hd203638_v2.fits,321.039948402,-20.8520202811,105665,2004-06-11,K0III,6.554,5.372,4520.,2.3,-0.1,n,1,0.020,-0.47,good,1675.49957349,10199.8884482,3.08902e-11
HD204041,h_stis_ngsl_hd204041_v2.fits,321.464948124,0.53435377112,105819,2003-12-15,A1IV,6.607,6.468,8260.,4.2,-0.6,n,1,0.020,0.105,good,1675.99328762,10198.2526995,1.95787e-11
HD204155,h_stis_ngsl_hd204155_v2.fits,321.67897972,5.44135110983,105888,2004-05-14,G5,9.03,8.47,5787.,3.9,-0.6,a,1,0.019,-0.165,good,1675.41269827,10196.8726714,1.76833e-12
HD204543,h_stis_ngsl_hd204543_v2.fits,322.367541667,-3.51541542498,106095,2001-10-16,G0,9.36,8.60,4667.,1.4,-2.0,a,1,0.014,0.88,good,1675.20155871,10195.1695659,1.86835e-12
HD204867,h_stis_ngsl_hd204867_v2.fits,322.889759468,-5.57118784691,106278,2002-04-04,G0Ib,3.74,2.91,,,,,3,,0.705,good,1675.29881675,10199.2517313,2.97764e-10
HD205202,h_stis_ngsl_hd205202_v2.fits,323.262035998,30.3597489191,106403,2004-06-03,F2,8.508,8.101,6564.,3.6,-0.6,a,1,0.019,0.275,good,1675.45826337,10196.9853428,2.95738e-12
HD205811,h_stis_ngsl_hd205811_v2.fits,324.431914495,6.61838326601,106783,2003-08-17,A2V,6.212,6.178,9287.,4.2,-0.1,n,1,0.021,0.01,good,1676.34663703,10197.3583362,2.97334e-11
HD206778,h_stis_ngsl_hd206778_v2.fits,326.046503169,9.87500322349,107315,2001-09-12,K2Ib,3.962,2.404,4095.,1.3,0.1,n,1,0.030,0.76,good,1675.55090227,10199.3263237,5.2959e-10
HD210745,h_stis_ngsl_hd210745_v2.fits,332.713691981,58.2012634864,109492,2004-03-13,K1.5Iab:,4.953,3.359,4003.,0.9,-0.6,n,1,0.033,0.595,good,1675.01534105,10195.4790776,2.32852e-10
HD210807,h_stis_ngsl_hd210807_v2.fits,332.451855918,72.3412011039,109400,2002-02-03,G7II-III,5.699,4.801,4926.,2.3,-0.3,n,1,0.018,0.795,good,1676.28722583,10195.842697,4.87586e-11
HD212516,h_stis_ngsl_hd212516_v2.fits,336.143458597,16.1501134608,110617,2004-05-10,K5,10.38,8.72,3578.,0.5,-0.5,n,2,0.044,0.41,good,1675.65752575,10196.5956523,2.55522e-12
HD212593,h_stis_ngsl_hd212593_v2.fits,336.129114018,49.4763787679,110609,2003-10-07,B9Iab,4.657,4.599,,,,,3,,-0.6,good,1676.10994096,10195.1432423,1.20757e-10
HD215665,h_stis_ngsl_hd215665_v2.fits,341.632843154,23.5656359063,112440,2001-12-18,G8Iab:,5.035,3.961,4752.,2.0,-0.2,n,1,0.019,0.47,good,1676.03265416,10199.89403,1.08386e-10
HD217107,h_stis_ngsl_hd217107_v2.fits,344.564763201,-2.39538645352,113421,2004-05-28,G8IV,6.900,6.180,5631.,4.2,0.4,n,1,0.027,0.08,good,1675.8314977,10198.8552699,1.4814e-11
HD217357,h_stis_ngsl_hd217357_v2.fits,345.065960616,-22.5242838942,113576,2004-07-23,K5V,9.28,7.89,4153.,4.7,-0.3,n,2,0.042,0.545,good,1676.04702167,10195.3695764,4.08961e-12
HD221377,h_stis_ngsl_hd221377_v2.fits,352.832383249,52.4106675287,116082,2004-03-03,F7Vw,7.96,7.57,6556.,3.9,-0.6,n,1,0.020,-0.58,good,1676.02449517,10199.5725139,4.75388e-12
HD222404,h_stis_ngsl_hd222404_v2.fits,354.836571696,77.6324084907,116727,2004-02-15,K1IV,4.257,3.225,4790.,3.1,0.1,n,1,0.022,0.23,good,1676.12999987,10198.4103674,2.19055e-10
HD224801,h_stis_ngsl_hd224801_v2.fits,0.18186254353,45.2533342733,63,2004-08-01,B9p...,6.305,6.353,11757.,3.9,0.5,n,2,0.062,0.32,good,1676.36898491,10196.6950151,3.33286e-11
HD224926,h_stis_ngsl_hd224926_v2.fits,0.456052328149,-3.02750669716,145,2003-09-10,B7III-IV,4.998,5.119,13499.,3.8,-0.5,n,2,0.042,0.58,good,1675.52063414,10198.5435037,2.43307e-10
HD232078,h_stis_ngsl_hd232078_v2.fits,294.550293553,16.8071002089,96599,2001-10-31,K3IIp,10.65,8.62,3640.,0.5,-0.6,n,2,0.072,0.88,good,1675.87121214,10196.0824707,3.57332e-12
HD284248,h_stis_ngsl_hd284248_v2.fits,63.6482501516,22.3510239196,19797,2001-11-22,F2,9.66,9.22,6171.,4.0,-1.8,a,1,0.016,0.81,good,1675.74248222,10196.178734,9.50415e-13
HD345957,h_stis_ngsl_hd345957_v2.fits,302.700548578,23.9651846895,99423,2001-11-04,G0Vw,9.36,8.93,5920.,3.8,-1.4,a,1,0.017,0.45,good,1675.95818439,10196.5911618,1.20102e-12
HR0753,h_stis_ngsl_hr0753_v2.fits,39.0213873556,6.88769479099,12114,2002-02-02,K3V,6.81,5.82,4882.,4.7,-0.2,n,1,0.030,1.09,suspect,1676.14152532,10195.5313965,1.36327e-11
HR8086,h_stis_ngsl_hr8086_v2.fits,316.733392641,38.7438568752,104217,2002-02-16,K7V,7.40,6.03,4230.,4.7,-0.7,a,2,0.047,0.51,good,1675.22261241,10198.3822505,2.11491e-11
LHS10,h_stis_ngsl_lhs10_v2.fits,24.7603541869,-17.9502172188,-1,2003-12-11,M5.5,13.86,11.99,,,,,,,-0.08,good,1675.94329955,10195.3541914,5.81951e-13
LHS482,h_stis_ngsl_lhs482_v2.fits,301.257090523,54.4333427015,98906,2003-08-10,sdM1.5,13.49,11.97,,,,,,,0.075,good,1675.31973787,10196.0269719,1.37796e-13
MMJ6476,h_stis_ngsl_mmj6476_v2.fits,132.764604236,11.7506022433,-1,2004-04-28,A7.2:m...,11.5,10.9,,,,,,,-0.29,good,1675.80814875,10197.5673702,1.83131e-13
MMJ6490,h_stis_ngsl_mmj6490_v2.fits,132.862709045,11.8646617185,-1,2004-01-15,A2V,10.94,10.8,,,,,,,-0.175,good,1676.02727486,10198.6441627,3.41184e-13
VBNVUL,h_stis_ngsl_vbnvul_v2.fits,291.983573445,24.3473318194,95702,2002-02-14,A9.2,11.4,10.8,6937.,2.4,-0.5,n,2,0.046,0.515,good,1676.2079868,10197.3529429,2.35625e-13
VGKCOM,h_stis_ngsl_vgkcom_v2.fits,180.019515807,19.4193597781,58519,2002-02-21,M3,8.454,6.992,,,,,3,,0.775,good,1675.81344078,10196.3133516,3.90863e-11
VIWCOM,h_stis_ngsl_viwcom_v2.fits,184.235920158,27.7397230091,59889,2002-01-08,,,,,,,,3,,0.725,good,1675.15538553,10198.2903104,1.14646e-11
