star,grating,family,sampling,line_A,mean_pct,n_pix,peak_pct
HD143459,G430L,gauss2,interp,4862.74,2.8366,3,5.4247
HD143459,G430L,gauss2,interp,4341.73,-0.2606,2,-0.9329
HD143459,G430L,gauss2,interp,4102.94,-0.9112,2,-1.0938
HD143459,G430L,gauss2,interp,3971.24,0.1475,3,-1.2279
HD143459,G430L,gauss2,interp,3890.19,-1.2167,3,-2.2965
HD143459,G430L,gauss2,interp,3836.51,-0.4946,2,-1.402
HD143459,G430L,gauss2,interp,3799.01,0.3832,3,1.6262
HD143459,G430L,gauss2,interp,3771.74,0.6404,3,2.495
HD143459,G430L,gauss2,interp,3751.26,-0.0737,2,-1.181
HD143459,G430L,gauss2,interp,3735.47,0.3402,3,3.0688
HD143459,G430L,gauss2,interp,3723.03,-3.7161,3,-11.2395
HD143459,G430L,gauss2,interp,3713.06,0.0954,3,-2.164
HD143459,G430L,gauss2,interp,3704.94,1.0778,3,2.4778
HD143459,G750L,gauss2,interp,6564.7,-3.2121,1,-3.2121
HD194453,G430L,moffat,rebin,4862.74,2.7673,3,3.6748
HD194453,G430L,moffat,rebin,4341.73,0.628,2,0.908
HD194453,G430L,moffat,rebin,4102.94,0.2769,3,1.0321
HD194453,G430L,moffat,rebin,3971.24,0.3044,3,1.6487
HD194453,G430L,moffat,rebin,3890.19,-0.509,3,-1.3279
HD194453,G430L,moffat,rebin,3836.51,-0.2256,3,-0.6811
HD194453,G430L,moffat,rebin,3799.01,-0.1683,3,-0.9155
HD194453,G430L,moffat,rebin,3771.74,-0.8146,3,-1.1158
HD194453,G430L,moffat,rebin,3751.26,-0.8548,3,-1.1906
HD194453,G430L,moffat,rebin,3735.47,-1.0422,3,-1.5805
HD194453,G430L,moffat,rebin,3723.03,-0.8245,3,-1.2451
HD194453,G430L,moffat,rebin,3713.06,-1.4171,3,-1.8522
HD194453,G430L,moffat,rebin,3704.94,-1.7885,3,-2.0589
HD194453,G750L,gauss2,interp,6564.7,-0.3205,1,-0.3205
HD167946,G430L,gauss2,interp,4862.74,2.3506,3,3.0998
HD167946,G430L,gauss2,interp,4341.73,0.3393,3,2.0237
HD167946,G430L,gauss2,interp,4102.94,0.2174,3,0.6659
HD167946,G430L,gauss2,interp,3971.24,-0.062,3,1.0227
HD167946,G430L,gauss2,interp,3890.19,-1.0156,3,-2.4938
HD167946,G430L,gauss2,interp,3836.51,-0.0547,3,-1.5533
HD167946,G430L,gauss2,interp,3799.01,0.6354,3,1.4858
HD167946,G430L,gauss2,interp,3771.74,1.1611,3,1.2246
HD167946,G430L,gauss2,interp,3751.26,-0.6608,3,-1.9293
HD167946,G430L,gauss2,interp,3735.47,0.0682,3,-1.6981
HD167946,G430L,gauss2,interp,3723.03,0.4914,2,1.3798
HD167946,G430L,gauss2,interp,3713.06,0.734,3,2.4581
HD167946,G430L,gauss2,interp,3704.94,1.4164,3,2.1876
HD167946,G750L,gauss2,rebin,6564.7,-1.0695,1,-1.0695
HD074721,G430L,gauss2,interp,4862.74,4.3952,3,7.277
HD074721,G430L,gauss2,interp,4341.73,1.5579,3,3.4906
HD074721,G430L,gauss2,interp,4102.94,0.1642,3,-1.118
HD074721,G430L,gauss2,interp,3971.24,-0.4291,3,-1.2723
HD074721,G430L,gauss2,interp,3890.19,-0.656,3,-1.0209
HD074721,G430L,gauss2,interp,3836.51,0.0683,3,1.5903
HD074721,G430L,gauss2,interp,3799.01,0.573,3,1.6683
HD074721,G430L,gauss2,interp,3771.74,-0.0252,3,-0.9348
HD074721,G430L,gauss2,interp,3751.26,-1.2188,3,-2.692
HD074721,G430L,gauss2,interp,3735.47,-0.385,3,-1.0969
HD074721,G430L,gauss2,interp,3723.03,-0.0668,2,-1.5927
HD074721,G430L,gauss2,interp,3713.06,-0.2192,3,1.7083
HD074721,G430L,gauss2,interp,3704.94,-0.0596,3,-1.9043
HD074721,G750L,gauss2,interp,6564.7,-2.0803,2,-2.4146
HD174240,G430L,gauss2,interp,4862.74,2.6195,3,4.916
HD174240,G430L,gauss2,interp,4341.73,0.8707,3,2.4805
HD174240,G430L,gauss2,interp,4102.94,-1.4583,3,-2.2091
HD174240,G430L,gauss2,interp,3971.24,0.1059,3,1.7095
HD174240,G430L,gauss2,interp,3890.19,-1.2122,3,-2.3026
HD174240,G430L,gauss2,interp,3836.51,0.1786,3,1.1841
HD174240,G430L,gauss2,interp,3799.01,1.6988,3,1.8283
HD174240,G430L,gauss2,interp,3771.74,1.4162,3,1.862
HD174240,G430L,gauss2,interp,3751.26,-0.7831,3,-1.293
HD174240,G430L,gauss2,interp,3735.47,-0.5257,3,-1.1804
HD174240,G430L,gauss2,interp,3723.03,-0.0491,3,1.6233
HD174240,G430L,gauss2,interp,3713.06,0.1745,3,2.2074
HD174240,G430L,gauss2,interp,3704.94,-0.1619,3,1.7032
HD174240,G750L,gauss2,rebin,6564.7,-2.4331,1,-2.4331
HD166991,G430L,moffat,rebin,4862.74,2.1328,3,3.4297
HD166991,G430L,moffat,rebin,4341.73,0.5799,3,2.0389
HD166991,G430L,moffat,rebin,4102.94,0.0817,3,0.5592
HD166991,G430L,moffat,rebin,3971.24,-0.0176,3,-0.9732
HD166991,G430L,moffat,rebin,3890.19,-0.9596,3,-1.4431
HD166991,G430L,moffat,rebin,3836.51,-0.2126,3,-1.1309
HD166991,G430L,moffat,rebin,3799.01,-0.3096,2,-0.9051
HD166991,G430L,moffat,rebin,3771.74,-0.4178,3,-1.0278
HD166991,G430L,moffat,rebin,3751.26,-0.9378,3,-1.2957
HD166991,G430L,moffat,rebin,3735.47,0.0814,3,-1.1513
HD166991,G430L,moffat,rebin,3723.03,0.1328,3,1.0662
HD166991,G430L,moffat,rebin,3713.06,0.29,3,1.0407
HD166991,G430L,moffat,rebin,3704.94,0.5425,3,1.0098
HD166991,G750L,gauss2,interp,6564.7,-1.547,2,-3.3271
HD117880,G430L,gauss2,interp,4862.74,2.1089,3,4.8261
HD117880,G430L,gauss2,interp,4341.73,-0.3533,3,-1.6449
HD117880,G430L,gauss2,interp,4102.94,-0.5783,3,-1.214
HD117880,G430L,gauss2,interp,3971.24,2.2543,3,5.3932
HD117880,G430L,gauss2,interp,3890.19,-1.2318,3,-1.6316
HD117880,G430L,gauss2,interp,3836.51,-0.6721,3,-1.5026
HD117880,G430L,gauss2,interp,3799.01,-0.0084,3,1.6503
HD117880,G430L,gauss2,interp,3771.74,-0.2517,3,-1.4646
HD117880,G430L,gauss2,interp,3751.26,-0.5469,3,-1.5411
HD117880,G430L,gauss2,interp,3735.47,-0.8866,2,-2.8198
HD117880,G430L,gauss2,interp,3723.03,0.0708,3,3.2962
HD117880,G430L,gauss2,interp,3713.06,-0.1833,3,-1.5514
HD117880,G430L,gauss2,interp,3704.94,0.1812,3,1.1883
HD117880,G750L,gauss2,rebin,6564.7,-2.3513,2,-4.3569
HD128801,G430L,gauss2,interp,4862.74,3.0872,3,8.9209
HD128801,G430L,gauss2,interp,4341.73,-0.4422,3,2.9967
HD128801,G430L,gauss2,interp,4102.94,-0.3369,3,1.7977
HD128801,G430L,gauss2,interp,3971.24,-0.0981,3,-0.988
HD128801,G430L,gauss2,interp,3890.19,-0.6031,3,-1.7759
HD128801,G430L,gauss2,interp,3836.51,-0.1866,3,2.0342
HD128801,G430L,gauss2,interp,3799.01,-0.3496,3,-1.1032
HD128801,G430L,gauss2,interp,3771.74,0.8392,2,2.0399
HD128801,G430L,gauss2,interp,3751.26,-0.314,3,-1.547
HD128801,G430L,gauss2,interp,3735.47,-0.016,3,-0.8468
HD128801,G430L,gauss2,interp,3723.03,0.7632,3,1.8439
HD128801,G430L,gauss2,interp,3713.06,0.0799,3,2.7653
HD128801,G430L,gauss2,interp,3704.94,0.5213,3,1.2128
HD128801,G750L,gauss2,interp,6564.7,-1.772,1,-1.772
HD106304,G430L,gauss2,interp,4862.74,3.3866,3,6.1643
HD106304,G430L,gauss2,interp,4341.73,1.3395,3,4.1269
HD106304,G430L,gauss2,interp,4102.94,-0.2004,3,1.437
HD106304,G430L,gauss2,interp,3971.24,-0.3505,3,-0.8031
HD106304,G430L,gauss2,interp,3890.19,-0.718,3,-1.5437
HD106304,G430L,gauss2,interp,3836.51,0.2262,3,2.0629
HD106304,G430L,gauss2,interp,3799.01,0.5847,3,2.3476
HD106304,G430L,gauss2,interp,3771.74,0.5855,3,1.5723
HD106304,G430L,gauss2,interp,3751.26,-0.5545,3,-1.6171
HD106304,G430L,gauss2,interp,3735.47,-0.0723,3,1.9395
HD106304,G430L,gauss2,interp,3723.03,-8.3377,3,-24.3783
HD106304,G430L,gauss2,interp,3713.06,-0.7132,3,-4.3848
HD106304,G430L,gauss2,interp,3704.94,0.3721,3,-2.5078
HD106304,G750L,gauss2,interp,6564.7,-0.7306,2,-0.8555
