target,stat_2000_2500,stat_2500_3000,stat_3000_3600,stat_3600_4000,stat_4000_5000,stat_5000_5500,stat_5700_7000,stat_7000_9000,stat_9000_10000,der_2000_2500,der_2500_3000,der_3000_3600,der_3600_4000,der_4000_5000,der_5000_5500,der_5700_7000,der_7000_9000,der_9000_10000
BD+112998,55.5,165.4,120.1,206.0,352.3,374.0,459.6,323.3,217.9,10.9,14.9,24.3,18.7,66.7,78.8,189.2,146.5,108.8
BD+363168,1.4,2.7,1.3,1.4,5.7,325.3,563.8,737.7,540.6,0.1,1.3,1.5,1.4,3.4,47.7,26.2,19.4,22.5
BD+381670,52.4,155.2,120.2,171.9,310.9,324.7,392.0,267.9,180.0,8.4,13.2,14.2,11.0,42.7,58.6,156.0,143.9,87.5
BD+413306,12.7,94.4,109.1,175.1,379.6,404.1,520.0,361.8,243.5,5.7,10.0,9.0,6.8,28.7,31.9,118.5,128.5,107.2
BD+75D325,192.3,189.9,166.4,177.2,178.3,142.8,366.4,185.9,100.1,80.4,88.7,103.8,90.3,89.6,120.1,119.6,106.3,61.5
BD-122669,136.7,202.9,85.1,123.4,191.1,189.7,103.3,61.2,37.2,25.1,36.6,44.6,21.5,119.4,115.3,73.9,56.7,30.8
BD092860,20.3,67.4,41.4,74.9,125.4,131.6,77.4,50.4,32.7,8.3,12.4,19.2,18.4,52.8,73.0,51.1,43.2,23.6
BD174708,143.7,242.2,113.5,163.4,262.3,265.3,148.3,92.8,60.5,17.3,23.4,37.4,22.5,94.2,122.6,95.5,72.0,40.3
BD292091,83.7,156.2,79.1,113.4,177.9,182.8,104.3,65.9,42.3,15.8,18.2,31.0,22.3,88.8,84.1,85.7,57.4,27.5
BD371458,107.2,227.8,127.0,196.5,318.5,333.4,195.9,128.5,86.4,16.7,16.8,26.9,19.5,98.0,110.3,121.4,91.6,58.8
BD413931,52.2,125.7,71.1,99.3,170.7,179.4,106.1,69.2,44.9,9.3,12.8,18.3,14.4,60.1,71.2,76.3,57.3,43.0
BD423607,90.3,166.0,82.9,118.0,183.9,187.5,105.8,66.6,42.9,17.5,22.8,36.5,22.4,85.4,101.0,75.5,55.3,40.1
BD442051,1.3,8.9,23.5,74.0,242.5,329.8,266.4,274.1,206.1,0.2,4.5,11.2,8.6,34.5,25.5,56.5,79.9,84.3
BD511696,69.6,155.1,86.2,121.4,207.5,215.6,126.8,81.7,53.5,9.5,13.7,18.9,12.9,59.5,63.3,104.1,59.1,41.1
BD592723,95.0,161.9,73.8,105.8,163.3,167.0,95.1,60.1,37.9,23.6,29.6,43.3,24.5,108.7,127.7,70.4,50.7,28.9
BD660268,45.4,124.4,79.0,114.2,194.4,204.0,118.0,79.0,53.1,11.8,13.8,19.7,14.4,79.8,83.4,82.8,58.7,32.3
BD720094,126.0,209.2,95.0,136.0,211.7,214.4,121.5,76.7,48.3,21.4,27.1,44.4,22.0,107.0,123.6,98.7,61.7,40.2
CD-259286,42.0,93.5,54.5,97.4,160.3,163.9,190.7,120.9,80.8,11.2,15.4,22.7,20.6,63.9,82.2,119.6,93.6,63.2
CD-3018140,120.3,197.0,91.6,135.9,209.4,210.0,115.1,71.6,45.1,22.6,29.8,35.5,21.4,95.2,117.4,85.2,52.6,29.6
CD-621346,38.5,113.8,86.8,141.7,251.6,273.0,333.4,223.4,152.9,9.1,12.7,18.6,16.8,58.0,68.5,131.8,141.8,87.9
CD-691618,699.9,837.5,315.2,377.2,446.1,383.5,365.2,187.9,110.6,86.9,120.4,160.7,26.9,104.7,239.1,141.0,127.8,66.3
G019-013,3.2,41.0,71.3,155.5,477.4,551.8,409.3,309.1,220.1,1.7,10.0,11.9,6.0,19.4,19.2,82.9,86.7,103.8
G021-024,2.7,23.9,30.3,77.2,267.3,324.3,251.9,198.0,142.3,1.4,8.7,11.0,7.5,20.3,18.0,62.9,85.6,92.6
G029-023,96.5,168.9,79.4,115.5,183.1,186.9,106.6,66.8,42.4,15.5,20.6,34.3,18.5,94.5,121.9,75.8,54.1,34.9
G114-26,127.1,221.6,107.3,150.6,239.2,244.9,140.9,89.4,57.6,17.7,20.0,35.8,19.3,87.2,117.9,90.1,76.0,50.3
G115-58,33.3,64.5,29.0,45.1,72.6,74.1,40.7,23.4,12.5,11.6,17.9,20.3,15.3,46.3,62.3,31.0,20.9,10.4
G12-21,89.4,161.2,80.3,113.8,184.9,188.9,108.5,68.1,42.3,13.6,19.2,31.9,18.2,71.2,80.7,77.0,54.9,26.1
G13-35,139.5,232.0,108.1,154.7,236.6,238.9,137.3,87.7,56.1,18.4,26.3,46.4,23.9,104.4,93.5,105.9,75.4,38.8
G169-28,36.1,81.2,44.6,66.3,110.8,113.0,63.5,40.4,24.4,8.7,14.2,19.0,13.6,53.8,58.7,43.0,30.1,20.8
G17-25,23.5,93.7,78.3,114.7,227.2,241.7,149.6,102.2,69.7,5.0,8.8,10.1,7.8,40.6,45.2,92.3,80.6,60.0
G18-39,83.3,150.8,74.7,105.4,168.2,171.7,98.4,63.3,39.0,12.9,17.9,26.6,19.4,75.9,82.6,82.2,59.1,30.5
G18-54,67.6,123.7,60.5,87.1,144.2,148.1,84.9,53.8,33.4,14.1,19.7,25.5,18.6,67.7,73.9,65.0,50.7,26.9
G180-24,111.0,194.8,95.7,135.9,213.0,216.3,125.2,80.6,51.0,12.8,17.7,27.6,18.1,86.9,92.1,97.1,65.9,44.0
G187-40,60.5,126.7,66.7,95.0,157.5,162.1,92.6,59.0,37.4,10.9,13.9,22.4,15.5,60.8,65.9,66.1,48.8,22.6
G188-22,93.2,169.5,85.0,122.3,196.9,200.5,114.9,72.7,46.0,14.1,16.2,25.1,17.9,74.0,83.8,93.6,64.0,31.4
G188-30,16.3,58.8,39.9,61.6,111.6,116.9,66.9,43.8,27.6,4.3,11.9,15.0,10.8,46.6,56.3,41.6,36.3,24.1
G192-43,95.7,161.1,77.7,112.9,179.0,180.5,101.6,62.1,39.4,17.4,22.7,32.3,20.2,79.7,96.5,66.7,51.6,32.0
G194-22,123.5,209.2,103.2,146.6,230.6,232.2,131.3,82.0,53.0,16.1,20.0,29.6,19.6,89.3,90.0,87.0,62.4,35.9
G196-48,70.5,139.5,72.4,106.0,172.7,177.9,102.7,66.4,42.0,13.4,18.2,29.1,19.5,75.0,80.5,77.1,60.5,33.2
G20-15,49.8,114.3,59.2,88.2,146.9,155.6,92.7,61.9,40.7,13.1,19.1,30.2,17.9,76.3,77.0,66.4,54.8,33.3
G202-65,63.6,102.6,44.8,66.6,104.5,102.2,54.1,30.3,17.3,17.0,23.7,31.1,20.0,64.5,69.7,37.0,28.0,12.9
G231-52,45.3,114.1,60.7,95.1,162.0,169.8,100.2,65.8,43.1,10.4,13.5,18.6,15.6,67.7,86.1,59.9,56.5,32.9
G234-28,58.4,107.4,51.6,75.7,121.7,124.2,70.1,43.7,25.9,15.4,20.2,25.9,19.1,67.4,93.0,56.2,40.8,20.0
G24-3,76.9,147.5,68.4,101.5,161.3,166.0,95.6,61.6,38.7,15.0,19.3,32.4,21.4,82.7,83.8,72.7,54.8,34.6
G243-62,1.7,13.4,24.8,46.8,107.9,116.6,157.6,112.5,78.0,0.9,6.4,10.4,7.1,39.1,33.9,89.7,77.4,65.1
G260-36,2.1,16.0,23.9,43.1,121.2,133.8,179.0,123.0,82.8,0.4,5.8,7.3,5.6,20.2,18.8,67.1,73.0,62.0
G262-14,2.5,23.7,32.1,52.9,114.6,122.9,158.4,110.0,74.6,1.7,9.6,9.4,8.1,30.6,30.7,86.5,78.1,46.9
G63-26,31.5,63.2,28.4,43.0,70.2,71.8,39.0,22.1,12.1,11.0,17.1,19.2,16.4,48.5,52.0,29.9,21.7,9.6
G88-27,76.6,134.7,63.6,92.6,145.6,147.6,84.5,53.1,32.8,14.1,18.7,33.1,21.0,80.8,102.1,61.1,44.6,26.6
GJ825,4.3,57.9,54.7,137.5,450.2,578.3,615.4,538.1,397.5,1.5,10.0,15.9,8.4,21.7,18.4,61.8,97.7,101.4
GL109,0.9,2.6,7.5,30.9,102.9,145.7,114.7,138.3,114.2,0.1,2.2,4.0,7.7,26.6,21.5,35.6,72.4,67.3
GL15B,1.8,14.7,38.4,104.7,332.5,348.2,365.1,376.3,290.5,0.7,6.7,17.3,8.0,31.3,23.9,50.7,99.8,109.6
HD000319,630.3,868.3,266.1,450.1,762.6,699.0,847.9,487.8,310.9,18.8,25.7,69.7,14.5,103.0,150.7,181.5,154.7,95.5
HD000358,815.0,917.3,364.9,513.9,680.3,572.0,792.8,427.3,257.0,34.9,24.7,108.6,28.4,140.7,201.0,216.8,174.1,98.3
HD000886,895.3,1051.5,509.3,611.7,702.6,580.1,770.0,402.0,233.0,59.7,101.3,232.2,33.2,146.8,281.4,234.7,192.7,93.3
HD001461,104.0,379.7,254.9,366.2,736.5,771.9,857.5,571.8,376.3,13.6,12.4,13.4,10.0,31.1,35.4,109.5,112.3,107.2
HD002665,66.5,245.3,172.5,289.3,521.5,577.0,364.3,255.7,177.4,12.0,12.7,21.1,18.8,75.4,85.0,127.4,151.3,91.4
HD002857,94.8,148.3,67.4,128.1,207.6,189.5,94.2,53.4,33.0,21.5,26.4,39.1,14.0,94.1,136.1,66.4,39.8,24.6
HD003360,994.5,1554.1,474.4,579.6,673.2,559.3,786.8,413.7,239.2,56.6,98.8,210.2,34.3,126.7,358.9,245.3,180.4,108.2
HD003712,23.5,186.2,56.0,116.1,368.8,432.7,525.9,374.9,267.6,8.1,12.0,9.3,6.7,19.0,21.6,66.5,84.6,99.4
HD004128,102.8,374.9,95.9,171.9,468.0,541.8,680.9,466.5,322.5,12.6,10.8,10.4,7.5,19.8,21.8,68.2,101.7,102.0
HD004727,889.8,1007.9,437.6,572.5,744.4,637.5,814.4,423.0,252.0,57.5,82.4,228.4,30.4,165.2,269.1,226.5,177.5,110.1
HD004813,226.3,527.7,256.7,362.6,641.3,652.9,723.4,452.8,295.5,7.3,10.2,14.7,11.5,38.5,50.2,115.5,118.3,98.3
HD005256,27.2,140.1,131.6,200.9,409.7,442.5,552.3,376.2,256.8,7.7,12.3,11.4,9.2,34.2,39.6,142.8,140.6,94.9
HD005395,25.3,261.2,166.8,274.4,686.4,774.0,841.5,602.3,414.3,10.0,12.3,11.2,7.9,28.7,34.6,104.2,121.7,124.4
HD005544,3.7,45.6,102.3,192.1,600.4,704.7,786.9,575.4,406.0,2.1,11.7,11.4,7.1,26.1,25.2,77.2,100.1,94.6
HD005916,27.2,208.2,189.2,311.4,700.3,783.4,834.5,590.4,402.6,10.8,11.4,14.9,10.7,36.0,43.2,113.3,133.5,121.7
HD006229,37.4,160.6,136.8,230.6,427.7,461.3,581.1,411.1,280.9,8.1,11.1,18.4,15.3,50.5,62.3,175.2,134.9,136.8
HD006734,25.6,238.7,161.1,260.8,602.1,663.7,664.4,457.0,310.3,10.1,10.4,9.7,8.2,29.1,33.4,101.0,114.7,108.0
HD006755,88.8,282.9,187.0,298.8,530.7,577.3,354.9,243.1,167.6,9.7,10.7,20.3,15.4,57.1,70.2,130.6,138.3,97.8
HD008491,21.4,244.2,106.6,185.3,547.6,638.7,705.7,489.5,334.5,6.6,12.9,10.9,6.7,20.2,22.2,71.4,88.0,114.8
HD008724,7.8,83.1,83.9,172.9,366.1,432.7,295.3,219.3,156.8,3.0,10.5,15.0,16.1,48.1,56.3,111.1,100.0,79.0
HD008890,141.2,388.4,158.2,284.5,558.7,584.4,689.0,436.8,291.6,6.7,9.0,10.3,10.3,21.6,25.6,86.6,89.6,96.2
HD009051,21.9,115.8,86.9,155.2,299.0,330.4,208.8,145.7,100.2,6.5,11.4,15.2,14.6,48.0,65.4,114.0,99.8,68.6
HD010380,10.3,94.4,49.6,122.7,482.0,614.6,646.4,490.6,357.3,2.8,9.6,10.0,5.5,16.9,17.2,66.6,83.4,94.8
HD010780,96.0,418.5,213.4,326.8,712.8,765.5,855.0,577.6,389.7,15.1,10.3,9.5,6.1,24.6,26.3,92.8,104.2,114.4
HD012533,29.7,198.0,38.9,93.6,382.1,494.0,710.1,524.6,380.6,5.2,10.2,8.8,6.1,16.1,14.6,50.1,73.8,98.2
HD013520,10.3,74.7,45.0,131.0,578.9,764.6,857.2,676.0,510.4,4.1,10.8,12.9,6.4,19.5,17.4,58.0,78.2,76.6
HD015089,608.1,739.0,247.7,393.7,686.5,611.5,751.6,398.5,252.1,15.7,14.0,39.6,13.8,53.0,64.1,164.3,132.5,95.1
HD016031,130.3,220.9,103.4,146.6,224.7,225.4,129.2,84.4,53.5,19.4,22.1,46.4,23.1,100.0,115.4,88.0,70.4,44.8
HD017072,171.5,516.4,252.8,428.2,740.6,790.1,855.0,582.3,392.3,10.3,11.9,18.0,15.4,51.0,56.3,159.1,162.0,133.7
HD017081,891.6,1457.5,383.3,546.8,715.9,603.5,798.9,432.4,262.6,41.8,48.3,177.9,24.3,164.7,208.8,266.4,181.2,106.1
HD017361,17.5,216.0,90.7,170.7,533.7,622.8,670.8,476.2,327.4,5.8,10.0,9.6,6.2,20.2,19.6,66.0,96.7,93.3
HD017925,61.4,290.2,155.5,245.3,592.5,646.9,708.1,479.4,325.8,14.0,11.8,9.3,6.6,20.6,20.2,66.9,91.6,95.4
HD018078,157.4,290.2,206.7,350.1,602.3,553.6,617.6,363.3,235.0,12.5,11.4,29.3,13.5,42.8,55.2,97.1,106.9,77.2
HD018769,530.8,779.2,258.8,427.1,741.9,683.7,844.9,473.6,295.1,9.8,13.3,31.0,14.9,52.3,71.4,185.9,149.8,109.1
HD018907,51.9,348.9,234.0,371.3,810.5,868.9,940.9,638.5,439.7,14.8,13.6,11.3,10.1,31.5,39.6,106.4,144.7,113.8
HD019019,197.9,492.7,257.6,362.1,647.3,663.9,503.5,316.7,205.6,7.4,10.4,14.3,11.1,34.4,46.0,111.2,102.5,100.3
HD019308,80.8,278.3,218.3,315.4,632.6,664.5,414.4,265.7,174.2,10.7,10.9,12.4,9.5,27.8,29.5,80.8,95.6,78.1
HD019445,287.7,493.4,234.3,326.2,501.5,512.9,296.9,190.8,123.8,21.3,23.4,44.9,25.8,131.3,166.6,143.1,131.0,96.1
HD019656,19.2,209.4,91.8,169.6,530.2,630.5,675.4,473.5,332.4,5.3,11.7,10.0,6.9,19.4,20.6,64.2,83.5,92.5
HD019787,31.0,304.1,105.9,189.3,543.9,632.7,667.1,464.9,315.6,10.0,11.4,9.9,6.4,20.1,22.7,68.5,85.4,96.6
HD020039,30.9,128.2,126.7,190.5,377.3,403.7,508.6,355.6,237.9,7.1,12.3,11.1,11.4,40.1,43.5,130.9,154.8,127.3
HD020630,163.2,486.6,256.4,370.5,723.4,758.0,852.1,563.1,371.9,11.5,9.8,9.6,8.2,26.2,31.3,115.3,129.4,118.6
HD021742,20.1,124.1,148.2,230.9,584.2,636.1,810.1,535.8,366.9,10.2,11.1,9.4,6.2,19.8,19.7,76.5,97.6,96.9
HD022049,72.5,376.6,151.1,233.2,572.7,625.9,664.8,454.7,304.7,15.7,11.9,9.2,5.9,21.1,20.1,70.5,96.7,123.0
HD022484,239.8,648.2,271.9,418.0,755.8,770.6,840.6,557.4,363.9,9.4,12.6,18.9,13.2,38.6,52.5,139.8,129.6,117.9
HD023439,30.6,164.0,185.2,270.5,538.8,572.4,696.4,479.7,325.0,6.9,11.1,12.2,8.7,42.7,44.6,135.7,153.5,108.8
HD025329,21.1,109.8,99.4,169.4,369.8,403.4,262.2,183.1,126.2,6.1,8.0,9.2,7.5,40.7,46.4,112.0,117.9,89.4
HD025893,50.6,200.0,166.9,254.2,569.7,621.3,459.7,305.2,203.5,15.3,11.2,9.0,6.3,19.9,22.7,76.2,84.8,108.5
HD025975,18.5,188.1,134.3,217.1,581.1,654.6,716.8,486.2,334.8,9.1,10.9,9.3,6.6,20.2,22.3,67.4,95.1,105.9
HD026297,5.1,67.5,93.7,218.4,515.8,640.6,442.3,325.3,232.7,2.7,10.5,13.9,12.6,39.1,36.6,103.7,128.0,112.2
HD026630,263.5,493.7,130.8,237.0,537.2,634.5,738.3,520.1,359.6,41.2,18.8,11.4,10.7,20.6,24.5,69.0,85.5,91.1
HD027295,1189.2,2133.7,366.9,526.2,768.6,654.5,820.3,443.4,272.9,52.8,34.4,117.0,20.3,134.3,210.0,272.6,179.1,126.9
HD028946,33.7,159.9,149.8,226.5,488.9,525.5,328.9,219.8,147.8,10.4,8.9,8.0,6.6,23.2,27.2,85.8,99.4,89.4
HD028978,535.6,747.3,251.7,425.7,722.7,645.5,816.0,439.5,284.4,16.8,20.7,45.0,12.4,86.0,144.9,183.1,138.9,100.5
HD029391,477.3,747.1,292.2,478.5,809.4,781.6,895.8,524.4,337.3,10.3,13.7,30.8,14.2,52.1,70.5,156.2,142.3,93.3
HD029574,1.6,19.8,32.7,108.5,298.7,405.1,314.2,253.6,188.7,0.5,9.0,12.0,12.4,39.3,42.1,101.7,126.5,105.7
HD030614,423.3,676.7,457.3,537.3,612.9,549.7,852.4,486.8,294.1,86.5,155.1,134.9,56.6,151.5,219.5,227.0,171.5,105.4
HD030834,8.9,79.4,50.3,122.8,474.7,626.4,687.2,527.8,388.4,2.1,11.6,11.3,5.5,18.1,18.0,63.5,95.1,78.9
HD031219,87.4,244.2,204.0,305.9,580.6,597.7,699.0,433.6,288.1,9.7,11.3,13.3,10.3,26.4,33.5,94.2,100.5,112.9
HD031421,16.8,221.7,78.3,152.5,485.7,585.1,648.7,474.8,331.5,5.8,11.2,9.1,6.2,21.1,23.5,84.7,110.4,104.5
HD033793,0.9,8.2,28.0,85.3,280.2,383.7,620.7,614.7,460.5,-0.1,5.6,12.8,9.2,32.8,26.7,66.2,103.0,115.9
HD034078,890.4,3803.6,492.1,642.6,789.7,783.9,860.1,524.6,333.8,68.8,57.5,138.0,51.0,129.2,207.0,270.7,171.6,116.6
HD034797,778.7,937.0,397.9,547.2,742.1,626.1,823.2,446.6,269.7,34.6,40.2,113.1,22.3,152.7,196.1,252.5,185.9,107.9
HD034816,1225.3,1705.0,581.0,660.0,724.0,597.7,802.8,412.2,236.4,81.1,89.4,219.6,42.4,115.3,239.0,290.9,184.8,110.3
HD036702,3.3,32.3,44.8,135.1,332.7,426.7,304.6,228.8,166.3,1.3,12.5,18.9,16.4,46.5,48.3,106.4,124.6,105.2
HD036960,1024.9,1463.7,573.4,645.8,716.8,591.6,820.1,424.1,242.7,82.5,128.5,172.8,42.8,99.6,269.1,248.8,198.5,109.1
HD037202,1017.5,1564.5,447.5,590.3,666.9,565.1,762.0,413.0,247.9,30.6,109.7,213.0,39.2,138.6,180.6,220.4,126.4,105.0
HD037216,43.8,175.4,160.3,242.4,518.6,552.5,340.5,225.8,152.2,11.6,10.7,9.8,6.2,24.2,25.5,73.2,93.0,79.9
HD037763,10.0,161.5,105.2,193.1,638.0,740.0,878.9,629.8,432.6,3.4,12.6,9.0,5.8,19.3,16.6,66.6,85.1,90.8
HD037828,5.5,88.9,117.7,247.8,627.1,765.0,807.9,615.3,441.1,2.9,12.9,15.0,11.9,39.4,43.7,146.7,133.2,163.1
HD038237,529.3,768.0,286.9,474.2,806.4,749.5,838.0,483.8,305.6,13.0,18.5,39.4,14.8,64.6,92.8,213.9,153.5,97.2
HD038510,152.4,331.6,235.7,337.3,559.8,572.2,673.2,448.7,294.1,10.8,13.5,20.6,14.1,63.7,73.0,213.7,160.8,117.7
HD039587,184.8,479.2,238.0,337.2,628.1,650.1,730.8,464.1,304.9,8.3,10.4,12.2,9.9,30.0,42.3,105.7,120.5,105.0
HD039833,75.6,252.1,206.8,300.9,580.3,608.7,366.2,233.7,153.2,10.0,10.2,12.1,9.3,26.4,34.7,89.1,94.0,78.9
HD040573,845.1,1038.8,318.8,484.2,770.3,672.1,824.4,450.4,277.9,46.3,47.9,136.8,13.2,171.1,225.1,269.6,161.1,92.6
HD041357,436.6,710.4,242.2,420.7,733.5,700.0,863.4,493.7,315.7,11.3,15.8,28.7,15.1,51.3,63.0,177.9,125.4,106.9
HD041661,195.7,404.1,239.9,367.5,637.0,641.2,383.8,235.6,150.7,9.0,12.8,21.2,13.0,43.9,53.6,108.3,100.2,73.8
HD041667,4.9,67.0,100.1,191.0,452.5,523.5,684.3,494.6,348.3,3.3,11.8,13.7,10.2,35.8,40.8,108.3,128.2,109.3
HD043042,262.4,534.7,257.2,372.1,644.9,647.2,721.0,440.1,285.2,7.9,11.7,16.8,11.9,35.6,48.4,96.6,121.1,102.9
HD044007,32.9,168.8,137.4,237.2,448.7,501.3,320.0,226.7,159.4,8.4,10.1,16.1,14.3,50.3,61.5,114.5,142.9,93.1
HD045282,106.8,283.0,178.6,273.3,479.2,511.4,311.4,210.7,144.0,8.9,11.2,17.5,14.4,65.4,68.2,111.0,118.3,98.0
HD046703,35.5,125.4,84.2,185.1,304.3,314.6,186.2,123.1,81.8,8.6,13.4,26.4,20.9,61.0,101.3,127.7,92.0,56.8
HD047839,1256.8,1615.9,619.1,701.8,773.0,644.9,818.6,412.0,239.4,139.1,176.3,171.3,81.1,200.4,264.2,207.7,191.4,110.4
HD048279,645.7,2332.0,482.8,603.3,706.9,664.2,696.9,415.3,251.1,85.1,89.4,161.9,56.3,134.0,241.3,226.8,195.6,91.7
HD050420,330.1,630.5,224.8,421.4,724.9,702.9,878.4,538.4,348.2,10.4,13.6,25.4,12.2,45.1,65.3,150.0,122.6,98.5
HD052089,906.6,985.1,694.9,815.1,897.9,744.5,702.1,370.1,213.8,30.6,82.1,178.1,36.6,83.7,271.6,214.2,180.3,115.4
HD052973,106.5,415.6,170.1,325.2,731.2,830.6,909.9,611.4,411.7,9.5,9.2,11.3,9.5,21.4,26.3,86.2,81.3,110.1
HD055057,408.5,697.0,256.2,445.8,753.4,723.7,870.9,530.2,339.6,9.2,12.9,22.5,12.3,43.4,61.4,203.4,124.6,99.2
HD055496,13.8,111.1,86.2,156.1,367.1,420.8,272.6,189.4,131.4,5.5,10.3,12.3,13.7,43.1,55.1,102.4,103.1,82.0
HD057060,2107.2,3075.4,497.4,571.3,624.5,529.1,680.2,362.9,214.8,107.7,106.3,206.8,71.2,169.7,253.3,247.7,158.0,101.9
HD057061,1645.1,2304.4,520.3,600.6,642.3,536.4,680.2,374.5,217.7,99.5,88.9,197.4,78.8,154.9,255.3,211.9,229.6,104.9
HD057727,62.1,323.5,151.1,241.1,592.5,665.7,704.6,482.6,329.4,14.2,9.5,10.4,8.2,22.6,28.3,81.3,98.8,112.4
HD058343,570.1,756.8,445.7,592.9,739.7,659.4,928.2,514.0,317.0,59.6,105.0,241.2,33.7,144.5,242.7,220.9,142.0,125.4
HD058551,312.3,642.0,312.4,463.7,766.4,769.9,866.7,562.6,363.6,9.7,14.1,23.9,13.1,62.2,73.6,202.3,154.4,134.1
HD059612,355.7,655.0,185.1,479.2,729.9,689.7,836.3,510.8,349.3,10.7,12.1,31.9,13.3,50.0,92.4,186.0,125.9,85.0
HD060319,120.2,247.0,169.6,242.6,403.8,413.5,485.1,319.6,208.6,9.4,12.8,19.9,14.3,61.3,85.3,190.8,136.2,104.6
HD061064,374.7,731.8,256.8,457.6,801.8,812.3,913.8,548.7,362.0,8.4,11.0,18.5,13.0,36.0,46.7,139.3,116.6,95.0
HD061603,6.0,42.8,38.1,113.6,512.5,682.9,755.9,642.1,466.5,2.7,12.4,10.1,6.3,17.6,14.1,49.6,70.4,78.9
HD062412,41.2,257.5,156.4,259.5,685.9,783.4,849.2,590.6,404.5,11.8,11.5,9.7,7.7,23.7,24.9,72.3,99.1,113.8
HD063077,288.7,641.1,293.5,447.0,757.0,777.9,840.8,558.8,369.2,8.8,12.6,19.8,13.1,53.2,74.3,184.1,161.3,104.8
HD063700,74.6,388.2,96.7,190.1,573.7,727.6,825.1,596.2,408.5,12.0,9.7,8.1,9.1,15.3,17.9,54.4,69.2,85.8
HD063791,17.3,138.5,125.1,230.3,458.5,527.1,346.3,248.0,173.0,5.7,10.2,15.5,16.6,51.5,55.1,125.3,139.3,100.8
HD064412,86.0,222.3,171.0,243.6,426.4,439.2,522.7,349.3,229.8,8.9,12.7,16.3,12.8,50.5,58.7,146.4,141.8,107.7
HD065228,212.9,583.9,189.7,373.6,751.7,810.1,934.5,611.1,413.6,10.8,9.6,12.7,10.2,23.2,26.8,80.6,94.3,90.1
HD065354,3.9,30.9,45.4,119.0,498.6,702.2,788.7,652.0,485.7,2.3,10.3,9.9,6.5,16.2,15.9,52.0,75.7,84.9
HD065714,25.3,202.9,132.4,241.0,668.5,781.9,820.3,564.6,383.0,9.2,9.6,10.7,7.9,20.6,22.5,74.4,92.3,92.3
HD067390,115.5,200.4,115.5,187.8,318.7,312.4,348.8,214.6,136.8,9.4,13.2,22.8,12.7,46.8,59.9,141.8,104.7,83.9
HD068988,57.7,197.7,186.8,271.6,543.4,573.4,692.6,443.9,289.0,11.3,10.8,10.6,8.4,24.9,28.2,97.4,106.9,106.6
HD071160,2.0,12.5,37.0,102.0,433.5,571.5,815.9,663.1,485.7,1.0,6.4,11.2,5.7,17.7,15.8,61.6,75.3,83.5
HD072184,9.0,124.2,109.9,203.5,645.3,749.8,845.3,607.7,419.0,4.0,11.0,8.7,6.2,22.1,18.2,62.5,84.0,103.1
HD072324,15.7,154.0,135.1,235.0,646.2,745.3,764.1,546.3,372.8,6.7,10.7,9.3,7.2,21.8,25.3,70.6,97.7,120.4
HD072505,5.7,79.0,94.2,186.7,633.9,756.4,825.1,604.4,420.2,3.1,10.8,8.7,5.8,19.4,21.2,64.9,82.7,90.3
HD072968,570.9,662.6,295.3,453.3,730.3,619.5,834.2,465.6,287.9,11.6,10.2,32.2,14.6,55.8,66.5,182.7,132.5,96.2
HD073710,22.2,155.8,138.4,237.5,667.9,768.6,826.3,575.3,392.4,8.1,10.1,9.4,7.0,20.5,25.4,70.3,81.5,98.9
HD074088,2.5,16.1,35.1,114.9,511.7,717.6,968.6,820.5,626.5,1.1,6.5,13.0,6.3,19.3,16.7,66.2,103.1,106.2
HD074721,348.8,451.0,191.9,326.4,539.0,477.9,478.9,269.4,170.9,38.1,44.1,103.6,12.3,154.7,203.8,285.7,137.4,93.7
HD076291,9.2,133.0,109.2,207.7,634.0,745.9,825.4,603.4,419.6,3.8,11.1,9.0,6.3,23.0,22.7,69.3,89.6,112.0
HD076932,310.3,646.5,308.4,463.9,767.6,785.9,863.6,573.0,377.5,9.7,14.9,22.5,14.5,63.9,79.9,199.3,185.0,118.2
HD078316,795.3,901.2,391.6,562.6,737.1,625.2,807.9,439.6,267.7,31.4,25.0,126.9,25.7,148.8,146.9,227.7,167.2,100.8
HD078362,318.8,619.4,245.9,417.6,732.4,714.9,887.9,520.5,335.4,7.0,10.4,19.2,16.3,30.4,36.7,122.4,98.8,118.6
HD078479,3.6,44.6,86.0,177.5,616.9,743.1,828.7,609.3,424.4,2.3,10.6,8.7,6.2,20.6,18.0,63.7,74.5,90.6
HD079158,748.1,905.5,395.7,559.8,742.1,624.2,837.9,436.9,266.2,20.9,23.4,98.9,22.7,106.1,113.7,180.5,152.1,95.5
HD079349,1.2,5.5,19.7,71.4,330.4,446.1,728.5,636.4,475.4,0.1,3.8,8.0,6.4,17.6,16.1,55.5,78.3,101.3
HD079469,793.4,927.0,299.2,452.6,723.8,630.2,827.3,437.5,272.4,41.1,42.9,123.2,13.8,163.0,221.2,253.3,163.0,106.4
HD080607,14.0,85.9,95.0,147.1,351.0,380.3,476.8,311.6,207.9,6.1,10.0,9.1,6.7,20.9,26.6,70.9,92.7,79.9
HD081797,14.6,111.6,34.3,90.8,392.3,498.1,783.7,597.0,437.8,2.3,9.7,9.7,5.6,16.5,13.7,47.9,81.8,98.4
HD082395,19.4,225.7,114.3,197.9,565.8,660.0,714.4,495.8,345.9,5.6,9.9,8.4,6.4,19.8,23.2,72.6,91.1,108.3
HD082734,38.9,300.7,140.9,241.2,672.3,775.2,840.5,581.6,395.4,11.3,10.2,9.7,7.6,21.6,22.6,69.0,93.2,97.5
HD083212,4.2,50.3,65.5,149.5,358.0,432.7,292.2,213.1,153.2,2.0,9.7,11.7,13.4,32.2,37.5,98.6,113.4,87.8
HD085380,171.5,478.3,248.6,357.0,661.2,684.0,908.0,582.5,380.6,8.7,10.4,12.7,10.7,32.4,40.5,118.3,116.5,111.2
HD086322,8.0,95.0,114.7,200.2,563.0,650.4,551.7,387.3,269.4,3.8,11.3,9.7,6.8,22.7,26.1,68.3,94.6,107.3
HD086986,382.2,537.2,245.6,439.4,716.0,652.8,676.3,391.0,252.4,30.8,36.7,96.5,15.4,162.4,248.7,254.6,160.3,107.0
HD087140,53.4,165.7,108.1,172.0,295.8,320.7,199.4,139.6,93.8,11.1,12.8,18.6,17.3,63.4,83.7,106.1,108.3,67.6
HD087737,826.0,1555.5,310.9,610.5,763.9,667.0,796.3,438.9,279.1,14.9,17.5,81.6,30.6,123.4,126.3,257.6,128.6,110.6
HD090862,1.4,6.7,22.8,77.7,342.8,451.9,697.6,549.5,412.3,0.5,4.2,10.4,6.4,21.2,18.5,66.0,91.5,97.3
HD091316,839.0,971.6,510.5,619.3,683.3,585.6,833.0,432.6,253.1,28.2,78.8,157.8,44.5,87.5,211.5,236.1,175.6,98.3
HD093329,283.0,385.7,165.8,311.1,508.0,454.6,463.7,265.1,171.5,34.1,40.9,91.1,13.4,147.3,259.6,274.4,123.3,78.8
HD093813,21.0,244.9,63.1,132.6,472.0,577.5,663.4,482.0,343.6,4.0,9.3,10.4,5.8,18.0,19.5,60.1,85.5,94.8
HD094028,230.9,417.3,207.8,290.9,463.8,472.5,274.7,174.4,115.1,12.9,18.1,31.4,18.0,98.2,114.4,153.0,123.9,75.7
HD095241,204.6,537.1,239.4,356.1,637.6,656.4,705.5,469.3,302.6,8.3,11.0,16.1,14.0,39.1,54.6,133.0,119.8,101.3
HD095418,601.4,775.9,215.2,351.3,564.4,491.8,708.0,387.6,237.6,20.1,24.3,67.6,12.0,105.6,163.7,216.8,160.2,103.4
HD095735,2.1,21.5,45.9,145.2,436.1,602.3,482.3,514.0,401.3,1.1,9.7,17.9,8.2,29.5,26.9,46.2,101.6,113.4
HD095849,6.4,74.4,85.2,176.5,615.6,752.8,838.7,607.1,422.4,2.2,10.0,9.6,5.6,16.8,18.0,66.7,86.5,95.9
HD096446,794.5,924.9,506.0,614.3,711.9,609.2,837.8,442.7,259.0,82.3,100.5,150.2,26.2,129.0,297.3,227.2,190.3,124.5
HD097633,670.4,864.1,272.7,466.2,746.4,646.6,789.8,437.5,276.1,19.7,23.6,79.7,11.7,99.9,192.8,246.2,165.8,95.7
HD099648,40.1,305.3,149.4,252.3,670.7,782.4,823.7,566.2,389.3,10.6,9.6,8.9,7.2,19.9,23.5,82.6,99.3,101.8
HD101013,38.5,247.3,139.5,244.3,644.9,758.5,763.6,537.9,366.7,11.9,11.3,12.1,10.3,27.4,29.1,85.7,102.5,82.1
HD101107,564.7,950.4,267.6,426.1,707.6,691.1,843.0,514.4,324.3,12.7,18.3,34.6,16.2,64.9,80.3,180.0,174.0,129.9
HD102212,9.7,73.4,25.1,100.2,447.8,607.0,576.7,504.9,383.7,2.1,7.4,12.5,7.3,18.8,17.3,56.9,82.2,86.2
HD102780,1.5,7.5,20.1,77.6,368.8,513.3,784.8,704.7,527.2,0.7,3.6,9.3,7.0,19.0,17.3,58.0,88.5,91.3
HD103036,3.4,47.3,48.3,140.0,368.7,473.4,336.2,249.2,182.0,2.3,11.8,13.6,13.5,32.4,35.4,94.8,106.2,91.5
HD105452,455.4,723.0,290.3,462.1,759.8,746.0,865.1,524.0,336.8,13.3,17.3,31.4,16.6,64.3,77.8,180.4,152.6,105.3
HD105546,56.9,178.7,116.9,203.6,359.3,387.8,235.3,158.3,108.6,8.9,11.3,15.7,15.6,53.9,58.8,101.2,109.2,65.0
HD105740,4.3,63.3,102.8,178.7,434.6,494.2,663.1,477.9,333.1,3.0,14.1,15.3,9.8,35.0,40.3,120.6,124.7,116.5
HD106304,296.4,387.0,173.5,292.1,455.8,402.6,401.9,224.4,142.0,52.2,55.3,124.6,14.2,173.2,207.7,196.3,113.5,71.4
HD106516,361.9,683.0,319.7,476.4,770.1,776.4,867.2,555.4,359.7,10.4,14.4,25.7,14.1,69.4,79.1,203.8,165.4,128.7
HD107582,91.5,274.4,213.4,304.0,560.8,586.6,705.2,462.2,311.5,7.8,11.8,12.9,10.1,40.2,50.5,142.0,155.1,122.8
HD108945,530.8,654.7,269.7,431.3,749.5,662.6,848.3,453.8,290.9,17.1,15.2,43.0,12.5,64.2,82.1,176.1,135.7,84.7
HD109387,1595.7,2224.4,354.4,503.2,612.3,530.6,694.4,382.1,226.0,86.5,92.7,186.2,36.6,151.7,186.4,158.7,129.6,115.1
HD109995,543.8,712.0,272.9,473.6,781.7,694.1,796.0,456.6,293.7,45.0,50.3,117.3,13.9,177.6,257.4,239.3,165.9,114.6
HD110073,862.1,961.0,376.5,555.2,746.6,645.7,811.3,420.2,258.3,33.2,27.3,92.0,23.8,126.9,232.4,199.3,163.3,105.2
HD110885,59.9,158.5,99.5,164.5,285.3,301.1,180.9,120.4,80.4,10.8,13.2,17.9,15.9,61.0,58.1,97.4,82.3,57.9
HD111464,2.4,30.3,62.8,143.3,563.7,717.9,816.8,656.7,479.5,1.5,9.4,12.3,6.1,20.4,20.2,65.4,93.0,97.5
HD111515,57.8,209.5,200.2,289.4,556.7,586.9,718.9,491.1,328.3,7.7,10.6,10.8,8.5,38.4,44.7,124.3,133.9,111.1
HD111721,45.7,199.1,151.6,246.9,471.7,518.4,326.5,228.3,160.4,8.9,10.6,15.3,12.7,47.1,57.1,115.5,106.2,89.4
HD111786,611.5,856.3,293.2,485.3,775.6,743.8,872.0,516.9,332.2,34.0,40.9,79.4,17.8,150.3,206.6,228.6,175.9,108.7
HD112413,852.3,1052.0,323.8,468.6,655.9,547.3,767.4,413.1,249.8,21.9,21.1,81.2,18.0,95.5,100.2,170.3,158.1,116.7
HD113002,31.1,132.5,125.9,209.8,401.3,435.6,547.6,379.1,256.7,7.5,10.9,15.4,13.3,42.6,48.2,148.0,144.4,94.3
HD113092,6.7,79.2,75.6,176.3,598.7,754.1,849.1,645.9,465.1,2.8,9.5,11.8,7.4,24.2,22.8,85.6,97.0,119.7
HD114330,541.8,682.7,208.2,350.2,554.8,485.6,643.6,336.6,212.3,19.5,24.5,61.6,12.0,104.8,195.8,141.9,115.0,103.0
HD114710,227.6,608.7,272.8,406.3,746.4,770.3,847.7,544.0,354.3,8.0,11.2,13.4,10.4,33.0,41.9,130.0,121.9,100.4
HD115617,108.7,413.4,202.8,300.5,610.4,648.6,693.0,461.0,303.5,11.7,10.9,9.4,8.2,24.6,29.1,94.7,103.0,99.3
HD117880,272.1,375.2,162.7,272.0,458.6,412.9,408.9,224.2,146.2,53.6,57.3,110.6,13.5,157.1,192.7,198.2,111.4,69.5
HD118055,1.5,19.6,29.0,91.7,248.5,325.1,238.5,181.9,133.0,0.7,9.9,14.9,13.2,37.3,44.0,89.8,110.4,84.0
HD119971,5.3,56.9,66.3,167.1,595.8,755.4,830.0,640.7,472.9,1.0,9.7,12.5,6.0,20.5,18.9,69.3,108.7,123.7
HD121146,4.4,58.7,75.1,155.4,525.7,620.1,711.4,521.6,366.0,2.2,11.0,9.8,5.9,21.2,21.6,64.9,82.1,86.8
HD122064,9.5,121.6,108.9,184.0,561.3,618.3,689.2,485.5,332.7,3.3,12.6,8.2,5.3,16.2,16.1,68.7,83.7,98.5
HD122956,14.2,135.2,134.2,269.5,566.1,669.1,477.8,346.0,246.3,5.3,10.8,17.7,14.9,47.1,54.5,122.5,132.3,116.7
HD123657,13.4,73.3,25.4,127.8,459.1,711.7,678.9,925.3,801.7,3.8,7.2,10.0,7.8,14.8,18.0,35.1,62.2,81.7
HD124186,4.6,57.0,78.7,163.7,601.7,729.8,800.4,585.0,411.9,2.1,10.7,9.1,5.8,19.0,16.1,50.0,76.3,84.9
HD124425,338.2,747.2,269.7,437.9,753.0,762.9,841.9,530.8,339.6,8.7,11.0,17.5,12.2,39.1,49.1,134.1,130.3,113.4
HD124547,155.1,295.7,60.2,131.6,483.5,611.2,697.1,524.8,383.7,9.8,13.2,12.8,7.3,16.5,16.3,55.4,71.5,84.4
HD126327,5.2,8.5,13.3,235.4,399.8,638.4,156.8,401.9,568.3,3.1,4.7,7.5,6.4,14.3,18.0,20.6,43.3,93.3
HD126511,25.5,127.4,121.2,182.1,396.8,424.8,265.6,176.6,116.5,10.3,12.9,10.5,7.7,24.8,30.0,76.0,86.0,69.3
HD126614,12.9,84.3,102.6,162.0,387.7,421.1,535.0,358.1,237.9,6.7,10.1,9.9,7.1,20.5,26.4,69.2,81.9,92.6
HD126661,460.9,742.3,237.7,432.8,744.2,702.4,856.1,501.0,321.8,10.1,13.9,27.6,14.8,47.1,65.5,153.4,112.9,83.2
HD128000,5.0,43.3,40.6,119.4,543.5,730.2,847.9,687.2,515.1,2.3,10.9,16.1,6.5,17.7,15.4,57.6,81.1,91.4
HD128279,134.2,326.3,186.8,285.2,469.4,504.0,306.6,210.9,142.1,15.1,15.3,29.8,22.3,95.5,114.4,143.9,125.7,90.2
HD128801,416.4,509.1,220.8,347.0,530.6,464.6,457.8,245.1,152.7,81.5,94.3,167.3,16.5,195.9,238.1,203.7,135.4,72.7
HD128987,63.2,236.1,196.1,295.9,607.4,646.9,428.4,280.7,188.1,14.6,11.5,10.4,8.2,23.8,26.8,85.1,104.6,83.5
HD131873,19.8,172.4,30.7,88.1,390.3,517.3,789.3,619.0,457.7,3.9,8.4,11.7,6.2,18.6,16.3,53.6,80.2,90.9
HD132345,6.5,67.2,79.9,162.5,605.3,735.8,794.0,580.6,407.3,3.2,12.6,10.2,5.9,18.7,17.6,50.9,75.0,81.7
HD132475,155.1,309.0,158.5,237.5,382.8,395.8,234.8,155.9,103.5,12.6,16.3,25.6,16.9,80.8,102.5,107.4,114.8,71.7
HD134113,110.4,281.4,214.9,311.2,534.0,553.3,661.6,433.8,272.5,9.3,12.4,17.7,13.1,59.6,69.7,177.3,144.6,102.0
HD134439,22.9,100.3,87.4,131.6,252.2,264.3,161.7,110.6,76.6,5.4,9.9,10.4,7.6,41.1,40.9,88.0,81.7,61.6
HD134440,11.4,70.4,69.2,109.8,235.0,256.9,168.8,116.9,79.2,4.8,10.1,10.7,7.3,37.9,34.4,112.2,99.5,65.2
HD136726,8.4,72.9,49.8,119.2,479.3,608.4,672.3,505.4,360.6,1.9,9.7,10.0,5.5,17.4,17.3,50.4,81.4,92.1
HD137759,19.7,247.8,68.5,144.8,481.2,558.2,493.3,354.4,254.1,5.8,13.1,10.7,5.2,17.5,20.9,62.3,79.5,112.4
HD137909,507.7,706.1,238.1,377.3,661.1,616.5,767.8,442.3,275.7,13.1,16.6,33.5,13.4,40.1,46.1,101.0,102.5,89.0
HD138716,21.6,250.8,108.0,186.9,535.4,607.5,686.1,476.2,330.7,6.9,12.4,9.0,6.3,21.0,22.4,72.3,97.5,94.5
HD138749,897.6,1019.9,407.8,555.0,704.2,602.6,761.6,399.9,241.4,68.1,127.5,250.1,38.9,229.4,324.4,271.7,157.9,87.0
HD140232,493.3,1062.7,262.9,432.2,750.7,702.7,838.9,484.8,305.9,10.3,12.6,27.5,15.5,50.4,55.7,186.5,134.6,116.6
HD141795,589.0,857.3,250.0,417.1,728.0,674.3,852.9,473.2,300.5,10.5,14.9,34.5,17.4,56.6,79.2,185.2,159.1,104.3
HD141851,626.4,844.8,268.7,440.9,749.4,684.4,846.3,477.8,300.6,26.1,36.0,73.2,15.8,133.0,187.0,235.4,183.0,104.6
HD142091,26.1,271.0,116.6,197.7,561.5,641.1,682.7,473.3,322.2,7.9,11.3,9.8,5.7,21.1,20.7,64.3,91.4,123.5
HD142703,558.6,822.4,296.6,490.3,755.6,729.4,868.6,530.0,336.9,21.8,30.6,60.5,19.9,124.0,214.1,245.0,167.0,111.9
HD142860,264.3,559.0,264.7,383.1,665.1,669.2,701.9,435.5,285.3,10.0,14.8,21.8,12.6,47.9,53.5,120.6,130.4,93.0
HD142926,702.4,835.5,361.6,550.6,750.2,647.7,840.7,438.5,273.6,25.4,36.4,113.5,23.2,137.6,206.5,227.7,153.9,110.2
HD143107,13.5,162.3,67.4,143.8,501.8,614.1,639.7,465.7,334.1,2.8,9.3,9.7,5.9,18.1,18.1,61.3,92.1,103.5
HD143459,727.8,1006.0,279.1,480.7,750.8,661.9,820.0,470.1,302.5,61.4,68.2,160.8,15.7,197.5,252.4,313.8,165.6,113.4
HD145328,25.4,318.0,128.3,240.4,670.3,768.8,838.8,588.3,407.4,8.1,11.6,10.1,6.4,23.6,24.5,85.0,96.4,107.6
HD146051,22.9,142.8,29.6,103.0,476.8,655.4,606.4,536.6,409.2,2.4,7.6,11.8,6.7,17.6,14.9,49.1,79.0,108.3
HD146233,136.9,436.8,219.6,318.8,630.0,654.7,696.2,444.0,296.1,10.8,12.8,12.8,9.9,28.1,37.4,88.3,105.2,100.4
HD147394,928.9,1433.5,432.8,576.5,738.6,620.9,798.8,427.5,254.3,57.7,74.5,239.8,28.4,187.1,224.4,254.2,173.0,115.1
HD147550,695.9,1040.0,288.7,481.6,768.4,684.0,829.8,468.7,299.8,24.2,30.3,90.4,11.9,149.4,192.4,234.4,168.7,94.7
HD148293,13.8,168.4,110.1,204.0,646.3,763.2,835.0,590.1,409.4,4.6,11.3,9.0,6.3,20.7,21.3,58.0,86.3,104.9
HD148513,5.3,46.4,49.7,123.2,540.0,700.6,742.0,589.2,429.2,1.9,8.9,10.6,5.5,16.7,15.4,56.1,78.5,83.3
HD149161,7.2,51.7,33.4,104.0,447.7,604.3,685.8,554.2,411.6,1.8,8.5,11.0,6.4,18.8,15.4,56.0,74.4,100.3
HD149382,1499.1,1445.0,449.3,479.7,524.5,424.3,390.7,199.5,109.8,62.2,137.0,241.4,90.9,169.2,239.3,236.7,178.2,79.9
HD155763,870.4,1020.3,372.8,554.0,719.3,609.2,758.4,407.5,247.6,43.3,49.4,173.7,26.3,171.7,299.8,273.9,175.9,96.5
HD156283,6.6,55.8,55.8,130.1,527.2,692.8,933.9,731.9,526.9,3.1,10.6,8.6,6.0,17.9,15.6,59.1,86.3,82.1
HD157244,48.8,342.4,62.1,136.6,528.6,721.9,772.1,577.1,411.8,6.3,12.1,9.0,7.3,15.9,14.4,42.3,61.3,73.8
HD159181,181.8,559.3,153.5,293.1,669.2,773.4,714.9,511.0,344.9,15.8,10.8,11.9,10.7,21.2,26.0,75.8,101.2,103.4
HD160346,21.4,165.2,130.6,208.8,568.1,623.0,661.4,470.8,325.0,7.8,11.1,7.9,5.1,19.3,18.6,68.6,84.9,91.4
HD160762,914.2,1004.8,457.3,596.1,728.0,616.7,830.2,426.5,253.5,55.8,94.0,256.4,31.2,183.8,270.4,235.2,151.9,99.1
HD160922,353.5,677.0,292.1,447.1,755.8,754.0,865.0,542.9,350.0,8.7,12.4,19.4,12.1,48.6,49.0,149.3,133.3,107.6
HD161770,57.6,148.1,84.8,127.2,218.6,234.3,145.3,99.7,68.4,14.2,19.9,33.6,20.7,81.5,105.8,99.0,80.5,50.9
HD163346,284.9,521.8,188.0,305.9,599.7,624.5,526.3,354.6,239.6,16.0,18.7,39.7,12.0,58.7,49.2,105.4,117.4,120.3
HD163641,796.0,1562.8,337.3,516.9,753.7,658.6,843.1,472.9,298.1,37.6,33.8,115.6,18.2,166.1,306.6,241.9,191.7,108.5
HD163810,69.5,152.1,84.0,120.2,204.3,211.4,123.6,79.2,51.8,10.0,13.0,19.0,13.9,62.0,65.2,94.8,57.2,37.0
HD164058,36.5,258.2,39.6,112.2,497.8,661.4,734.4,618.6,451.8,6.2,15.3,11.7,6.9,18.2,15.4,56.1,76.4,80.6
HD164257,543.3,812.1,271.2,491.3,789.8,707.4,832.8,479.2,311.7,22.9,16.6,59.6,14.8,91.1,91.0,164.7,150.8,96.4
HD164353,1716.7,4528.5,413.1,599.4,706.1,632.3,807.9,461.3,285.4,18.3,29.6,184.1,35.0,163.3,248.5,199.5,151.0,115.6
HD164402,3489.1,5905.9,557.3,684.5,795.1,714.0,882.1,474.9,293.5,49.8,36.9,151.6,44.9,115.2,284.0,201.7,167.6,102.8
HD164967,624.1,883.5,291.6,461.5,807.9,735.4,839.8,478.1,304.7,24.7,29.0,79.2,14.8,119.1,156.5,237.8,151.9,103.1
HD165195,3.0,48.7,70.4,202.3,497.2,661.6,501.7,395.3,292.2,1.5,12.8,17.6,20.4,59.0,61.2,131.7,142.9,117.9
HD165341,76.8,335.1,152.0,232.2,531.0,576.5,632.7,425.8,286.6,16.3,9.6,8.1,6.0,20.7,20.7,92.3,93.2,126.5
HD166208,138.4,462.0,148.2,270.7,665.9,751.2,770.8,548.9,368.4,15.5,14.1,12.3,8.3,23.5,27.3,83.5,104.5,115.3
HD166229,10.5,131.7,100.8,192.2,631.1,741.9,808.9,590.9,409.5,3.9,13.6,11.9,7.0,22.1,23.5,66.3,87.5,84.5
HD166283,351.4,549.4,277.7,424.4,758.1,717.6,759.8,432.6,278.1,12.1,15.4,30.8,15.7,60.0,73.3,231.6,137.4,89.3
HD166991,688.5,918.2,285.5,460.2,798.5,723.8,835.6,466.0,294.5,20.3,25.1,55.6,13.6,97.9,137.8,221.1,170.3,105.4
HD167006,8.6,50.8,20.1,88.8,417.8,590.6,689.6,689.1,544.9,2.4,6.8,10.9,7.7,20.3,17.5,44.8,83.1,107.9
HD167105,267.2,348.2,158.4,277.8,461.3,406.9,397.1,212.6,137.5,44.5,51.9,101.6,11.4,178.5,203.0,173.5,115.2,76.7
HD167278,178.6,337.9,190.6,277.3,466.0,463.8,263.3,159.3,103.0,9.1,12.5,19.3,12.2,48.2,57.0,109.8,84.4,57.0
HD167946,777.1,1065.2,320.0,486.4,786.7,702.4,833.0,449.7,282.6,35.7,43.2,132.9,12.6,151.4,193.1,199.4,161.3,103.2
HD169191,7.8,97.8,69.6,146.7,509.5,631.0,689.3,509.8,363.3,3.2,10.4,10.5,5.2,17.5,18.0,62.3,95.0,104.3
HD170737,23.3,153.5,166.1,259.0,530.0,579.9,741.8,518.7,355.2,7.5,12.4,12.0,9.6,38.4,44.5,121.3,136.5,117.7
HD170756,41.0,196.6,178.1,370.6,679.6,740.0,859.2,602.4,420.8,7.4,9.1,17.5,14.8,63.5,96.9,224.2,185.1,106.9
HD170973,579.7,1096.0,316.4,511.0,729.5,623.6,843.3,455.2,283.3,19.2,19.3,58.3,16.6,73.3,78.4,160.1,128.9,93.7
HD172230,319.0,584.3,250.3,451.4,785.6,742.0,808.3,482.2,311.1,10.3,14.0,29.9,16.3,47.6,55.9,155.7,115.2,102.8
HD172506,224.4,384.4,206.3,319.5,542.2,526.9,281.2,165.4,107.4,9.2,12.6,22.3,14.2,44.8,52.7,112.5,100.0,64.3
HD173158,1.6,24.8,52.8,126.4,412.4,589.7,950.0,791.4,601.0,0.9,9.2,9.1,10.0,17.6,19.0,56.7,67.8,97.2
HD173819,2.2,41.7,25.5,105.9,418.8,592.8,681.6,625.0,470.7,0.9,6.8,10.4,7.3,17.8,18.2,52.0,87.7,97.7
HD174240,650.4,879.6,273.6,462.9,750.4,664.2,843.1,467.4,296.4,24.9,30.6,80.1,12.3,118.6,203.3,223.8,162.4,109.4
HD174959,888.0,1044.8,415.1,571.6,752.4,651.2,842.0,440.2,269.4,56.7,72.4,277.9,25.7,141.8,235.5,232.3,162.1,98.5
HD174966,332.3,522.7,280.1,439.0,764.9,734.2,798.6,463.4,299.1,10.8,14.8,26.4,14.8,51.4,68.9,193.4,136.8,95.5
HD175156,316.1,569.1,328.5,492.5,639.6,616.2,891.7,521.4,337.5,24.0,39.1,166.6,28.2,177.1,238.4,176.5,145.3,126.5
HD175305,71.8,283.6,199.2,325.2,599.0,642.5,432.3,295.1,207.7,10.6,10.5,14.6,13.8,50.4,60.6,109.7,118.9,110.9
HD175545,3.2,38.7,93.5,184.1,617.0,732.4,831.2,619.9,434.0,1.5,10.1,11.1,5.6,20.4,22.4,68.1,87.5,92.9
HD175640,716.7,875.9,346.7,526.7,749.8,653.2,847.2,450.4,279.5,31.9,25.2,87.4,18.9,126.0,228.8,188.2,162.3,90.7
HD175674,4.0,36.8,72.3,148.6,580.3,742.2,900.6,659.8,471.6,1.7,9.0,10.6,6.8,19.0,19.3,59.7,81.2,94.2
HD175805,122.5,303.2,215.6,323.0,597.6,611.9,353.1,220.1,143.1,11.0,12.5,15.8,11.2,31.7,36.3,98.5,91.5,68.4
HD175865,26.1,140.6,27.3,124.9,386.1,612.6,516.0,766.2,708.7,4.0,7.1,12.0,7.6,13.9,21.0,33.7,55.5,97.9
HD176232,470.0,680.5,269.4,433.0,736.7,695.2,825.7,471.6,305.3,15.9,17.0,38.6,11.7,54.6,69.6,144.4,129.2,107.5
HD176437,703.7,887.5,247.1,490.8,670.9,583.5,816.3,446.3,288.4,33.7,38.4,140.0,18.4,152.2,224.4,300.3,155.0,89.7
HD181720,118.5,324.9,260.8,378.4,678.3,705.5,844.9,546.0,369.2,7.7,11.7,14.2,12.6,44.5,57.6,131.6,158.0,97.9
HD183324,642.0,802.9,270.0,415.7,722.1,650.0,794.0,433.1,277.4,50.5,62.3,146.9,15.7,194.5,250.0,232.6,170.9,92.4
HD183915,3.5,60.7,106.7,182.2,585.3,751.0,920.1,672.0,476.7,1.4,8.4,9.1,8.4,23.4,24.5,73.2,101.1,105.0
HD184266,140.4,352.9,207.3,356.6,597.9,627.7,372.0,248.7,169.3,11.5,15.7,24.3,18.6,74.6,85.4,137.9,111.9,79.3
HD185144,80.9,383.5,184.6,274.4,589.5,633.3,694.7,476.6,317.2,14.6,10.8,9.6,6.6,26.4,27.8,94.0,112.7,119.9
HD185351,56.2,300.7,141.0,225.7,584.2,657.7,698.2,475.3,322.8,12.3,10.3,9.2,6.2,20.7,22.5,78.8,99.8,94.8
HD187111,2.6,44.9,69.3,171.8,437.7,564.4,406.0,313.0,231.2,1.8,11.3,13.9,13.6,37.1,43.1,102.1,133.5,106.6
HD187879,530.3,764.8,474.5,593.9,689.0,608.2,853.2,473.1,286.6,35.5,94.7,219.3,43.8,120.6,286.8,246.2,160.0,105.6
HD188262,271.1,413.5,159.4,277.6,525.4,586.3,375.0,261.1,182.4,69.2,81.0,42.9,15.2,28.7,27.3,62.5,85.9,67.2
HD190073,324.0,615.1,315.7,506.8,773.6,711.1,733.7,421.1,279.0,7.5,6.1,23.9,13.2,114.5,152.2,217.0,160.0,111.4
HD190360,117.4,477.4,213.2,334.6,740.6,793.6,852.0,560.5,378.7,21.6,14.6,16.2,9.3,28.4,32.7,83.2,108.0,102.6
HD190404,27.2,172.4,169.9,269.4,596.2,642.8,447.8,303.7,209.4,7.7,11.2,9.8,6.5,29.1,26.6,89.9,119.8,98.2
HD191026,75.4,365.8,157.9,247.1,588.5,644.4,693.7,475.5,319.3,19.8,12.6,12.9,7.9,26.7,26.0,93.2,101.8,104.3
HD191277,6.9,99.7,90.4,177.4,614.9,722.5,829.0,609.7,425.0,2.7,10.6,9.3,5.9,21.5,18.4,66.2,88.0,88.6
HD193281,608.0,836.1,248.6,427.3,712.4,643.1,780.3,446.5,285.2,25.3,33.6,81.1,15.3,116.1,194.2,310.2,162.4,95.5
HD193495,743.0,892.7,197.6,314.4,621.6,684.6,879.4,612.7,419.6,34.6,38.6,34.4,13.7,27.8,30.3,74.6,110.6,91.3
HD194093,185.2,545.5,152.8,337.8,681.0,718.3,609.5,404.8,270.3,7.7,9.4,11.6,9.3,22.0,28.9,99.4,77.9,101.8
HD194453,688.5,882.9,303.5,489.0,740.3,640.1,825.8,457.8,288.4,36.3,31.5,102.1,15.1,126.5,171.6,207.6,162.1,110.4
HD195434,16.2,75.2,80.0,132.9,299.4,323.1,439.3,320.1,222.6,7.9,13.7,11.4,8.9,31.4,31.5,107.2,110.2,106.6
HD196218,190.4,428.8,255.7,368.2,639.8,650.6,390.0,249.4,160.4,7.4,10.8,15.0,10.8,41.1,53.6,113.4,133.1,80.0
HD196426,676.1,811.5,331.0,454.2,620.8,528.9,698.5,377.4,231.7,54.5,55.8,166.3,25.9,193.2,257.0,183.0,139.0,95.9
HD196662,531.7,602.2,321.7,429.5,557.7,479.1,641.8,331.1,202.1,52.4,70.7,204.5,28.5,165.8,251.5,219.6,150.2,89.8
HD196725,9.9,75.1,54.1,132.5,528.2,727.6,877.8,681.3,495.5,3.8,12.7,10.8,7.9,17.5,15.5,47.0,68.6,78.7
HD196892,183.8,361.8,239.8,342.1,553.8,563.9,663.2,430.9,281.6,11.2,14.7,21.2,13.9,80.3,77.1,175.6,171.6,105.0
HD197177,40.2,225.0,136.6,234.6,620.7,735.5,813.9,566.3,387.5,11.3,10.9,10.0,8.6,20.8,24.7,68.4,96.7,102.5
HD198809,127.8,440.4,160.6,261.6,591.5,655.7,698.0,473.9,316.1,15.2,10.8,13.3,9.7,25.9,34.8,89.1,102.4,109.8
HD200081,113.7,205.1,133.0,216.0,469.9,516.2,325.5,221.4,149.5,9.3,13.0,14.8,10.6,27.7,28.9,75.0,88.7,93.1
HD200905,190.6,335.0,36.5,95.9,403.8,585.9,667.8,555.8,409.2,12.9,13.7,11.0,7.6,14.9,13.8,43.9,68.6,78.6
HD201091,13.4,151.9,98.7,193.8,611.1,702.7,841.5,645.5,460.2,4.5,12.5,10.7,6.1,19.6,19.9,76.3,91.0,109.2
HD201377,587.7,830.4,266.1,448.6,775.0,719.1,832.5,471.6,300.0,14.6,19.1,34.0,15.0,69.7,97.8,220.4,147.6,116.9
HD201601,593.1,872.9,278.4,452.7,788.6,757.6,813.7,466.6,296.2,15.8,20.5,43.5,13.5,46.8,50.8,114.8,123.2,99.0
HD203638,9.2,120.1,103.1,192.7,646.8,772.7,832.5,598.3,413.7,4.3,12.3,10.9,6.4,20.7,22.0,63.5,87.2,87.3
HD204041,668.5,919.5,275.4,449.1,756.2,694.7,856.5,499.8,315.7,21.7,27.5,74.8,14.8,114.9,175.1,259.3,196.9,117.3
HD204155,95.2,249.0,195.0,277.5,483.1,493.5,586.1,395.0,258.0,10.3,13.8,20.3,13.8,56.1,76.2,147.5,150.4,100.8
HD204543,8.9,87.6,86.6,185.4,376.4,437.3,287.0,206.0,145.3,4.4,11.1,15.3,15.1,46.3,51.2,119.1,114.6,78.5
HD204867,109.0,362.4,151.4,271.3,589.0,661.9,675.2,446.3,303.7,9.9,8.2,9.5,9.8,19.4,22.8,70.9,80.8,103.3
HD205202,206.4,379.7,243.7,375.7,603.6,599.1,686.7,433.6,279.6,12.0,15.7,25.4,15.1,67.5,76.2,203.7,169.7,104.1
HD205811,873.3,1529.1,337.4,515.9,875.4,766.2,789.9,440.6,274.0,24.9,33.0,95.1,16.9,107.3,209.3,274.1,168.2,97.4
HD206778,66.3,407.0,25.9,73.4,305.7,434.1,676.3,507.9,362.7,6.7,9.9,10.1,6.7,13.8,12.0,41.0,63.0,70.7
HD210745,46.3,295.7,50.4,124.0,490.1,702.4,761.3,574.8,417.3,6.6,14.5,11.3,7.7,15.5,13.5,46.1,60.1,73.4
HD210807,79.0,335.3,140.0,228.8,565.2,643.1,695.8,470.5,321.9,13.3,10.1,10.0,8.1,21.3,28.3,87.4,95.6,93.0
HD212516,1.2,3.4,11.7,56.3,282.5,398.6,674.9,637.3,493.9,0.3,2.7,7.1,6.6,20.5,15.8,52.8,83.0,97.9
HD212593,750.3,1630.2,345.1,601.7,758.4,706.8,849.2,477.5,310.4,16.8,24.3,114.0,27.1,147.5,190.2,199.6,130.6,104.9
HD215665,36.1,285.1,108.0,189.3,532.9,635.0,667.9,468.0,317.1,9.5,9.0,9.2,7.3,19.7,25.6,71.5,89.4,93.0
HD217107,79.4,342.4,225.1,333.3,724.4,767.2,837.2,560.3,370.6,17.2,12.0,12.1,8.3,24.0,29.7,90.2,93.9,112.5
HD217357,5.1,42.4,63.0,147.3,485.6,602.9,787.4,658.7,479.8,1.4,8.8,14.0,8.2,20.7,18.3,73.0,101.1,122.1
HD221377,327.7,573.7,324.3,484.7,785.1,791.1,903.6,560.2,367.7,12.2,15.7,27.1,16.3,75.3,87.9,193.1,178.2,113.6
HD222404,60.9,591.2,111.8,211.3,618.8,701.5,732.1,519.7,352.6,12.0,12.4,9.3,5.8,21.6,23.4,77.3,106.1,112.9
HD224801,1032.7,1591.6,364.5,464.9,741.8,632.2,825.6,447.1,273.6,23.9,23.5,77.8,19.4,98.1,111.3,169.0,180.6,111.3
HD224926,808.3,916.9,410.1,567.1,739.1,630.5,837.4,439.6,263.5,37.2,39.2,178.9,28.9,170.5,219.7,243.1,171.8,108.1
HD232078,1.0,4.0,8.8,49.8,224.9,374.8,334.4,309.4,251.2,-0.1,2.8,5.3,10.1,21.9,22.3,65.1,99.2,96.6
HD284248,171.8,282.1,133.8,187.8,295.6,298.1,170.0,106.0,68.5,18.8,23.2,38.3,22.4,105.3,136.1,121.0,80.9,39.2
HD345957,145.6,273.3,140.5,204.9,329.2,338.3,199.8,132.8,85.1,12.4,14.5,24.4,16.8,80.3,90.6,132.9,98.0,58.5
HR0753,10.4,145.2,100.0,185.2,514.9,544.5,583.2,408.9,289.3,4.4,12.0,8.6,4.9,18.2,18.6,77.9,94.1,107.4
HR8086,5.4,81.6,59.3,141.9,465.2,573.2,637.1,525.6,382.7,2.3,10.7,13.2,7.8,20.3,17.3,72.1,103.1,110.5
LHS10,2.2,5.1,1.7,7.1,37.1,67.4,115.4,233.4,234.2,1.4,2.3,1.7,3.7,18.3,22.4,25.6,47.0,66.5
LHS482,1.5,3.2,3.9,16.7,62.8,87.0,144.3,148.5,110.0,0.4,1.9,3.2,9.0,24.4,25.1,47.4,73.3,72.1
MMJ6476,46.2,87.9,49.1,82.1,142.9,137.4,150.7,89.3,56.7,8.1,11.7,20.8,14.1,41.2,52.0,91.7,64.8,38.0
MMJ6490,102.6,149.1,67.7,106.9,186.1,166.6,169.2,95.5,58.2,16.8,21.8,37.1,12.7,80.0,95.6,115.1,69.0,45.8
VBNVUL,8.7,55.9,32.8,78.8,141.7,153.3,92.8,65.2,45.3,6.1,21.0,26.1,14.2,77.5,101.4,59.2,50.7,35.9
VGKCOM,4.1,22.1,22.8,119.7,425.0,671.6,639.0,863.5,779.7,1.6,5.2,9.6,7.1,13.3,17.7,35.9,60.1,82.4
VIWCOM,2.4,13.1,15.5,81.9,306.4,481.4,371.9,486.1,427.7,1.0,5.3,8.8,7.6,14.9,17.6,30.2,61.8,81.5
