star,grating,family,sampling,lo,hi,lam_mid,fwhm_A,R,rms,shift_A,n_pix
HD143459,G430L,gauss,rebin,3700.0,4000.0,3850.0,7.1764,536.5,1.56243,-0.0332,110
HD143459,G430L,moffat,rebin,3700.0,4000.0,3850.0,5.5953,688.1,1.37295,-0.0327,110
HD143459,G430L,gauss,rebin,4000.0,4250.0,4125.0,7.5526,546.2,0.47815,-0.1176,91
HD143459,G430L,moffat,rebin,4000.0,4250.0,4125.0,5.3982,764.1,0.36038,-0.1139,91
HD143459,G430L,gauss,rebin,4250.0,4500.0,4375.0,7.4105,590.4,0.58286,-0.2791,91
HD143459,G430L,moffat,rebin,4250.0,4500.0,4375.0,4.9688,880.5,0.43462,-0.2722,91
HD143459,G430L,gauss,rebin,4650.0,5100.0,4875.0,8.3913,581.0,0.5634,-0.4158,164
HD143459,G430L,moffat,rebin,4650.0,5100.0,4875.0,5.4951,887.2,0.47969,-0.4152,164
HD143459,G750L,gauss,rebin,5700.0,6270.0,5985.0,40.0003,149.6,0.87539,-0.033,117
HD143459,G750L,moffat,rebin,5700.0,6270.0,5985.0,40.0,149.6,0.77161,0.0169,117
HD143459,G750L,gauss,rebin,6330.0,6860.0,6595.0,12.5309,526.3,0.60084,0.1479,109
HD143459,G750L,moffat,rebin,6330.0,6860.0,6595.0,10.0311,657.5,0.57764,0.1635,109
HD143459,G750L,gauss,rebin,6960.0,7570.0,7265.0,40.0003,181.6,0.32006,0.006,74
HD143459,G750L,moffat,rebin,6960.0,7570.0,7265.0,40.0,181.6,0.31433,0.0026,74
HD143459,G750L,gauss,rebin,8400.0,8900.0,8650.0,14.492,596.9,0.99209,-1.0604,103
HD143459,G750L,moffat,rebin,8400.0,8900.0,8650.0,9.4065,919.6,0.91756,-1.0394,103
HD194453,G430L,gauss,rebin,3700.0,4000.0,3850.0,6.7516,570.2,1.15411,-0.1344,110
HD194453,G430L,moffat,rebin,3700.0,4000.0,3850.0,4.7016,818.9,0.49288,-0.1343,110
HD194453,G430L,gauss,rebin,4000.0,4250.0,4125.0,7.3079,564.5,0.54492,-0.1308,91
HD194453,G430L,moffat,rebin,4000.0,4250.0,4125.0,4.7181,874.3,0.33536,-0.1233,91
HD194453,G430L,gauss,rebin,4250.0,4500.0,4375.0,7.1159,614.8,0.68534,-0.1824,91
HD194453,G430L,moffat,rebin,4250.0,4500.0,4375.0,4.5348,964.8,0.52997,-0.178,91
HD194453,G430L,gauss,rebin,4650.0,5100.0,4875.0,7.9245,615.2,0.5666,-0.1066,164
HD194453,G430L,moffat,rebin,4650.0,5100.0,4875.0,5.0761,960.4,0.47301,-0.111,164
HD194453,G750L,gauss,rebin,5700.0,6270.0,5985.0,15.225,393.1,0.77626,-1.3628,117
HD194453,G750L,moffat,rebin,5700.0,6270.0,5985.0,40.0,149.6,0.74057,0.0169,117
HD194453,G750L,gauss,rebin,6330.0,6860.0,6595.0,12.7223,518.4,0.64257,0.2751,109
HD194453,G750L,moffat,rebin,6330.0,6860.0,6595.0,5.144,1282.1,0.69574,0.2497,109
HD194453,G750L,gauss,rebin,6960.0,7570.0,7265.0,17.1426,423.8,0.26038,1.2236,73
HD194453,G750L,moffat,rebin,6960.0,7570.0,7265.0,9.2469,785.7,0.25638,1.1782,73
HD194453,G750L,gauss,rebin,8400.0,8900.0,8650.0,14.3492,602.8,1.03231,-0.5283,102
HD194453,G750L,moffat,rebin,8400.0,8900.0,8650.0,8.6522,999.7,0.9434,-0.5094,102
HD167946,G430L,gauss,rebin,3700.0,4000.0,3850.0,6.0199,639.5,1.27178,0.8183,110
HD167946,G430L,moffat,rebin,3700.0,4000.0,3850.0,3.6926,1042.6,0.75528,0.8243,110
HD167946,G430L,gauss,rebin,4000.0,4250.0,4125.0,6.7667,609.6,0.67743,0.567,91
HD167946,G430L,moffat,rebin,4000.0,4250.0,4125.0,3.5536,1160.8,0.39866,0.5705,91
HD167946,G430L,gauss,rebin,4250.0,4500.0,4375.0,6.3347,690.6,0.76295,0.2986,91
HD167946,G430L,moffat,rebin,4250.0,4500.0,4375.0,3.5434,1234.7,0.57622,0.3043,91
HD167946,G430L,gauss,rebin,4650.0,5100.0,4875.0,6.9694,699.5,0.58228,-0.0322,164
HD167946,G430L,moffat,rebin,4650.0,5100.0,4875.0,3.6285,1343.5,0.46034,-0.0195,164
HD167946,G750L,gauss,rebin,5700.0,6270.0,5985.0,40.0003,149.6,0.67681,-0.033,117
HD167946,G750L,moffat,rebin,5700.0,6270.0,5985.0,40.0,149.6,0.65199,1.7557,117
HD167946,G750L,gauss,rebin,6330.0,6860.0,6595.0,11.9204,553.3,0.58391,-0.2216,108
HD167946,G750L,moffat,rebin,6330.0,6860.0,6595.0,8.5254,773.6,0.53656,-0.1885,108
HD167946,G750L,gauss,rebin,6960.0,7570.0,7265.0,17.2982,420.0,0.34881,-2.803,74
HD167946,G750L,moffat,rebin,6960.0,7570.0,7265.0,14.3,508.0,0.35106,-0.0037,74
HD167946,G750L,gauss,rebin,8400.0,8900.0,8650.0,14.8807,581.3,0.97823,-1.709,102
HD167946,G750L,moffat,rebin,8400.0,8900.0,8650.0,9.3867,921.5,0.92156,-1.6606,102
HD074721,G430L,gauss,rebin,3700.0,4000.0,3850.0,5.8233,661.1,1.81272,0.6255,110
HD074721,G430L,moffat,rebin,3700.0,4000.0,3850.0,3.5507,1084.3,0.98378,0.6241,110
HD074721,G430L,gauss,rebin,4000.0,4250.0,4125.0,6.573,627.6,0.71475,0.4078,91
HD074721,G430L,moffat,rebin,4000.0,4250.0,4125.0,3.7548,1098.6,0.42302,0.4064,91
HD074721,G430L,gauss,rebin,4250.0,4500.0,4375.0,6.5192,671.1,0.92292,0.1727,91
HD074721,G430L,moffat,rebin,4250.0,4500.0,4375.0,3.9911,1096.2,0.79658,0.1653,91
HD074721,G430L,gauss,rebin,4650.0,5100.0,4875.0,7.2042,676.7,0.64324,-0.0048,164
HD074721,G430L,moffat,rebin,4650.0,5100.0,4875.0,4.0751,1196.3,0.50377,-0.0072,164
HD074721,G750L,gauss,rebin,5700.0,6270.0,5985.0,40.0003,149.6,1.22293,-0.033,116
HD074721,G750L,moffat,rebin,5700.0,6270.0,5985.0,40.0,149.6,0.99471,0.0169,116
HD074721,G750L,gauss,rebin,6330.0,6860.0,6595.0,12.4918,527.9,0.64826,-0.2554,108
HD074721,G750L,moffat,rebin,6330.0,6860.0,6595.0,8.7761,751.5,0.58926,-0.2723,108
HD074721,G750L,gauss,rebin,6960.0,7570.0,7265.0,40.0003,181.6,0.35278,-0.033,74
HD074721,G750L,moffat,rebin,6960.0,7570.0,7265.0,40.0,181.6,0.35083,0.0169,74
HD074721,G750L,gauss,rebin,8400.0,8900.0,8650.0,13.7004,631.4,1.16022,-1.3749,102
HD074721,G750L,moffat,rebin,8400.0,8900.0,8650.0,8.3156,1040.2,1.03107,-1.3911,102
HD174240,G430L,gauss,rebin,3700.0,4000.0,3850.0,6.0931,631.9,1.52191,0.5757,110
HD174240,G430L,moffat,rebin,3700.0,4000.0,3850.0,3.6849,1044.8,0.78171,0.577,110
HD174240,G430L,gauss,rebin,4000.0,4250.0,4125.0,6.7204,613.8,0.6754,0.4357,91
HD174240,G430L,moffat,rebin,4000.0,4250.0,4125.0,3.4349,1200.9,0.36207,0.438,91
HD174240,G430L,gauss,rebin,4250.0,4500.0,4375.0,6.5882,664.1,0.65042,0.2178,91
HD174240,G430L,moffat,rebin,4250.0,4500.0,4375.0,3.9892,1096.7,0.42823,0.2161,91
HD174240,G430L,gauss,rebin,4650.0,5100.0,4875.0,7.5013,649.9,0.67529,0.0753,164
HD174240,G430L,moffat,rebin,4650.0,5100.0,4875.0,3.7883,1286.8,0.52494,0.0682,164
HD174240,G750L,gauss,rebin,5700.0,6270.0,5985.0,40.0003,149.6,1.13547,-0.033,117
HD174240,G750L,moffat,rebin,5700.0,6270.0,5985.0,40.0,149.6,0.94492,0.0169,117
HD174240,G750L,gauss,rebin,6330.0,6860.0,6595.0,12.3319,534.8,0.56791,-0.3205,109
HD174240,G750L,moffat,rebin,6330.0,6860.0,6595.0,7.9707,827.4,0.49835,-0.2802,109
HD174240,G750L,gauss,rebin,6960.0,7570.0,7265.0,17.5205,414.7,0.2783,-0.0106,74
HD174240,G750L,moffat,rebin,6960.0,7570.0,7265.0,17.2533,421.1,0.27847,0.0346,74
HD174240,G750L,gauss,rebin,8400.0,8900.0,8650.0,14.4301,599.4,0.95806,-0.8894,102
HD174240,G750L,moffat,rebin,8400.0,8900.0,8650.0,9.4687,913.5,0.88312,-0.8648,102
HD166991,G430L,gauss,rebin,3700.0,4000.0,3850.0,5.7666,667.6,1.18386,0.6602,109
HD166991,G430L,moffat,rebin,3700.0,4000.0,3850.0,3.6369,1058.6,0.52312,0.6641,109
HD166991,G430L,gauss,rebin,4000.0,4250.0,4125.0,6.2212,663.1,0.55023,0.4324,91
HD166991,G430L,moffat,rebin,4000.0,4250.0,4125.0,3.7573,1097.9,0.38616,0.4352,91
HD166991,G430L,gauss,rebin,4250.0,4500.0,4375.0,6.2822,696.4,0.60138,0.2149,91
HD166991,G430L,moffat,rebin,4250.0,4500.0,4375.0,3.7834,1156.4,0.39175,0.2159,91
HD166991,G430L,gauss,rebin,4650.0,5100.0,4875.0,6.615,737.0,0.59261,-0.1094,164
HD166991,G430L,moffat,rebin,4650.0,5100.0,4875.0,3.5707,1365.3,0.50292,-0.1107,164
HD166991,G750L,gauss,rebin,5700.0,6270.0,5985.0,17.6269,339.5,0.62866,-1.8885,117
HD166991,G750L,moffat,rebin,5700.0,6270.0,5985.0,9.4546,633.0,0.61939,-1.8649,117
HD166991,G750L,gauss,rebin,6330.0,6860.0,6595.0,11.9888,550.1,0.52416,-0.4463,109
HD166991,G750L,moffat,rebin,6330.0,6860.0,6595.0,9.0176,731.3,0.494,-0.4238,109
HD166991,G750L,gauss,rebin,6960.0,7570.0,7265.0,11.4841,632.6,0.31652,0.6311,74
HD166991,G750L,moffat,rebin,6960.0,7570.0,7265.0,11.321,641.7,0.31668,0.6387,74
HD166991,G750L,gauss,rebin,8400.0,8900.0,8650.0,14.6848,589.0,0.88182,-1.6715,103
HD166991,G750L,moffat,rebin,8400.0,8900.0,8650.0,9.0022,960.9,0.80754,-1.6192,103
HD117880,G430L,gauss,rebin,3700.0,4000.0,3850.0,5.5947,688.2,1.63203,0.1411,109
HD117880,G430L,moffat,rebin,3700.0,4000.0,3850.0,3.4453,1117.5,0.99487,0.1521,109
HD117880,G430L,gauss,rebin,4000.0,4250.0,4125.0,5.962,691.9,0.61744,0.0322,91
HD117880,G430L,moffat,rebin,4000.0,4250.0,4125.0,3.7955,1086.8,0.49328,0.0381,91
HD117880,G430L,gauss,rebin,4250.0,4500.0,4375.0,5.8013,754.1,0.67209,-0.0718,91
HD117880,G430L,moffat,rebin,4250.0,4500.0,4375.0,3.5812,1221.6,0.53096,-0.0583,91
HD117880,G430L,gauss,rebin,4650.0,5100.0,4875.0,6.2127,784.7,0.70455,-0.1631,164
HD117880,G430L,moffat,rebin,4650.0,5100.0,4875.0,3.7602,1296.5,0.62659,-0.1576,164
HD117880,G750L,gauss,rebin,5700.0,6270.0,5985.0,10.5307,568.3,0.68605,-3.2528,117
HD117880,G750L,moffat,rebin,5700.0,6270.0,5985.0,4.5208,1323.9,0.68416,-2.8342,117
HD117880,G750L,gauss,rebin,6330.0,6860.0,6595.0,11.1563,591.1,0.61003,-0.3277,109
HD117880,G750L,moffat,rebin,6330.0,6860.0,6595.0,7.587,869.3,0.56273,-0.2963,109
HD117880,G750L,gauss,rebin,6960.0,7570.0,7265.0,40.0003,181.6,0.46461,0.0043,74
HD117880,G750L,moffat,rebin,6960.0,7570.0,7265.0,40.0,181.6,0.45677,0.0026,74
HD117880,G750L,gauss,rebin,8400.0,8900.0,8650.0,15.4238,560.8,1.02953,-0.9274,103
HD117880,G750L,moffat,rebin,8400.0,8900.0,8650.0,9.4274,917.5,0.8704,-0.8751,103
HD128801,G430L,gauss,rebin,3700.0,4000.0,3850.0,6.5338,589.2,1.14588,-0.1762,109
HD128801,G430L,moffat,rebin,3700.0,4000.0,3850.0,4.8184,799.0,0.75368,-0.1697,109
HD128801,G430L,gauss,rebin,4000.0,4250.0,4125.0,7.1301,578.5,0.55794,-0.1805,91
HD128801,G430L,moffat,rebin,4000.0,4250.0,4125.0,4.8964,842.5,0.42774,-0.1753,91
HD128801,G430L,gauss,rebin,4250.0,4500.0,4375.0,6.9414,630.3,0.76079,-0.2048,91
HD128801,G430L,moffat,rebin,4250.0,4500.0,4375.0,4.2508,1029.2,0.61506,-0.1972,91
HD128801,G430L,gauss,rebin,4650.0,5100.0,4875.0,7.5127,648.9,0.57449,-0.0527,164
HD128801,G430L,moffat,rebin,4650.0,5100.0,4875.0,4.768,1022.4,0.50321,-0.0424,164
HD128801,G750L,gauss,rebin,5700.0,6270.0,5985.0,4.6231,1294.6,0.63601,-0.209,117
HD128801,G750L,moffat,rebin,5700.0,6270.0,5985.0,1.6984,3524.0,0.63458,-1.1573,117
HD128801,G750L,gauss,rebin,6330.0,6860.0,6595.0,11.6241,567.4,0.61636,0.8338,109
HD128801,G750L,moffat,rebin,6330.0,6860.0,6595.0,9.5754,688.7,0.60297,0.8515,109
HD128801,G750L,gauss,rebin,6960.0,7570.0,7265.0,1.4674,4951.0,0.44918,0.0012,73
HD128801,G750L,moffat,rebin,6960.0,7570.0,7265.0,1.4761,4921.8,0.44921,-0.0469,73
HD128801,G750L,gauss,rebin,8400.0,8900.0,8650.0,14.8207,583.6,1.23912,-0.7764,102
HD128801,G750L,moffat,rebin,8400.0,8900.0,8650.0,7.7834,1111.3,1.11582,-0.697,102
HD106304,G430L,gauss,rebin,3700.0,4000.0,3850.0,5.9623,645.7,2.66912,0.2491,109
HD106304,G430L,moffat,rebin,3700.0,4000.0,3850.0,3.9815,967.0,2.46815,0.2473,109
HD106304,G430L,gauss,rebin,4000.0,4250.0,4125.0,6.4311,641.4,0.73015,0.1793,91
HD106304,G430L,moffat,rebin,4000.0,4250.0,4125.0,3.5196,1172.0,0.46369,0.1741,91
HD106304,G430L,gauss,rebin,4250.0,4500.0,4375.0,6.5119,671.8,0.7088,0.0494,91
HD106304,G430L,moffat,rebin,4250.0,4500.0,4375.0,3.6764,1190.0,0.46427,0.0457,91
HD106304,G430L,gauss,rebin,4650.0,5100.0,4875.0,6.973,699.1,0.67128,-0.0037,164
HD106304,G430L,moffat,rebin,4650.0,5100.0,4875.0,3.5865,1359.3,0.51813,-0.0156,164
HD106304,G750L,gauss,rebin,5700.0,6270.0,5985.0,40.0003,149.6,0.8228,1.6416,116
HD106304,G750L,moffat,rebin,5700.0,6270.0,5985.0,40.0,149.6,0.81263,0.0169,116
HD106304,G750L,gauss,rebin,6330.0,6860.0,6595.0,12.432,530.5,0.57284,-0.0346,108
HD106304,G750L,moffat,rebin,6330.0,6860.0,6595.0,8.0874,815.5,0.50154,-0.0422,108
HD106304,G750L,gauss,rebin,6960.0,7570.0,7265.0,40.0003,181.6,0.42971,-0.033,74
HD106304,G750L,moffat,rebin,6960.0,7570.0,7265.0,40.0,181.6,0.42436,0.0169,74
HD106304,G750L,gauss,rebin,8400.0,8900.0,8650.0,14.2351,607.7,1.25108,-0.6301,102
HD106304,G750L,moffat,rebin,8400.0,8900.0,8650.0,9.338,926.3,1.17902,-0.6291,102
