num,file,sptype,lum_class,metallicity,teff_K,teff_sptype_check,wave_min,wave_max,d_balmer_mag
1,pickles_1.fits,O5V,V,solar,39811,O5V,1150,10620,0.101
2,pickles_2.fits,O9V,V,solar,35481,O9V,1150,10620,0.189
3,pickles_3.fits,B0V,V,solar,28184,B0V,1150,10620,0.047
4,pickles_4.fits,B1V,V,solar,22387,B1V,1150,10620,0.251
5,pickles_5.fits,B3V,V,solar,19055,B3V,1150,10620,0.393
6,pickles_6.fits,B57V,V,solar,14125,B5-7V,1150,10620,0.671
7,pickles_7.fits,B8V,V,solar,11749,B8V,1150,10620,0.868
8,pickles_8.fits,B9V,V,solar,,,1150,10620,0.802
9,pickles_9.fits,A0V,V,solar,9550,A0V,1150,10620,0.957
10,pickles_10.fits,A2V,V,solar,8913,A2V,1150,10620,1.096
11,pickles_11.fits,A3V,V,solar,8790,A3V,1150,10620,1.074
12,pickles_12.fits,A5V,V,solar,8492,A5V,1150,10620,0.957
13,pickles_13.fits,A7V,V,solar,,,1150,10620,0.947
14,pickles_14.fits,F0V,V,solar,7211,F0V,1150,10620,0.854
15,pickles_15.fits,F2V,V,solar,6776,F2V,1150,10620,0.567
16,pickles_16.fits,F5V,V,solar,6531,F5V,1150,10620,0.495
17,pickles_17.fits,wF5V,V,weak,,,1150,10620,0.465
18,pickles_18.fits,F6V,V,solar,,,1150,10620,0.566
19,pickles_19.fits,rF6V,V,rich,,,1150,10620,0.486
20,pickles_20.fits,F8V,V,solar,6039,F8V,1150,10620,0.566
21,pickles_21.fits,wF8V,V,weak,,,1150,10620,0.506
22,pickles_22.fits,rF8V,V,rich,,,1150,10620,0.495
23,pickles_23.fits,G0V,V,solar,5808,G0V,1150,10620,0.612
24,pickles_24.fits,wG0V,V,weak,,,1150,10620,0.632
25,pickles_25.fits,rG0V,V,rich,,,1150,10620,0.611
26,pickles_26.fits,G2V,V,solar,5636,G2V,1150,10620,0.523
27,pickles_27.fits,G5V,V,solar,5585,G5V,1150,10620,0.608
28,pickles_28.fits,wG5V,V,weak,,,1150,10620,0.399
29,pickles_29.fits,rG5V,V,rich,,,1150,10620,0.681
30,pickles_30.fits,G8V,V,solar,5333,G8V,1150,10620,0.527
31,pickles_31.fits,K0V,V,solar,5188,K0V,1150,10620,0.713
32,pickles_32.fits,rK0V,V,rich,,,1150,10620,0.583
33,pickles_33.fits,K2V,V,solar,4887,K2V,1150,10620,0.718
34,pickles_34.fits,K3V,V,solar,,,1150,10620,1.539
35,pickles_35.fits,K4V,V,solar,,,1150,10620,1.508
36,pickles_36.fits,K5V,V,solar,4188,K5V,1150,10620,1.061
37,pickles_37.fits,K7V,V,solar,3999,K7V,1150,10620,1.361
38,pickles_38.fits,M0V,V,solar,3802,M0V,1150,10620,0.895
39,pickles_39.fits,M1V,V,solar,,,1150,10620,1.042
40,pickles_40.fits,M2V,V,solar,3548,M2V,1150,10620,1.012
41,pickles_41.fits,M2.5V,V,solar,,,1150,10620,0.893
42,pickles_42.fits,M3V,V,solar,,,1150,10620,1.097
43,pickles_43.fits,M4V,V,solar,3112,M4V,1150,10620,1.599
44,pickles_44.fits,M5V,V,solar,2951,M5V,1150,10620,1.024
45,pickles_45.fits,M6V,V,solar,,,1150,10620,0.707
46,pickles_46.fits,B2IV,IV,solar,19953,B2IV,1150,10620,0.129
47,pickles_47.fits,B6IV,IV,solar,12589,B6IV,1150,10620,0.663
48,pickles_48.fits,A0IV,IV,solar,9727,A0IV,1150,10620,1.111
49,pickles_49.fits,A47IV,IV,solar,7943,A4-7IV,1150,10620,1.326
50,pickles_50.fits,F02IV,IV,solar,7031,F0-2IV,1150,10620,0.727
51,pickles_51.fits,F5IV,IV,solar,6561,F5IV,1150,10620,0.621
52,pickles_52.fits,F8IV,IV,solar,6152,F8IV,1150,10620,0.524
53,pickles_53.fits,G0IV,IV,solar,5929,G0IV,1150,10620,0.665
54,pickles_54.fits,G2IV,IV,solar,5689,G2IV,1150,10620,0.543
55,pickles_55.fits,G5IV,IV,solar,5598,G5IV,1150,10620,0.628
56,pickles_56.fits,G8IV,IV,solar,5309,G8IV,1150,10620,0.735
57,pickles_57.fits,K0IV,IV,solar,5012,K0IV,1150,10620,0.866
58,pickles_58.fits,K1IV,IV,solar,4786,K1IV,1150,10620,0.898
59,pickles_59.fits,K3IV,IV,solar,4571,K3IV,1150,10620,1.229
60,pickles_60.fits,O8III,III,solar,31623,O8III,1150,10620,-0.016
61,pickles_61.fits,B12III,III,solar,19953,B1-2III,1150,10620,0.175
62,pickles_62.fits,B3III,III,solar,,,1150,10620,0.323
63,pickles_63.fits,B5III,III,solar,14791,B5III,1150,10620,0.374
64,pickles_64.fits,B9III,III,solar,11092,B9III,1150,10620,0.841
65,pickles_65.fits,A0III,III,solar,9572,A0III,1150,10620,0.993
66,pickles_66.fits,A3III,III,solar,,,1150,10620,1.09
67,pickles_67.fits,A5III,III,solar,8453,A5III,1150,10620,1.088
68,pickles_68.fits,A7III,III,solar,,,1150,10620,1.156
69,pickles_69.fits,F0III,III,solar,7586,F0III,1150,10620,0.961
70,pickles_70.fits,F2III,III,solar,,,1150,10620,0.669
71,pickles_71.fits,F5III,III,solar,6531,F5III,1150,10620,0.711
72,pickles_72.fits,G0III,III,solar,5610,G0III,1150,10620,0.837
73,pickles_73.fits,G5III,III,solar,5164,G5III,1150,10620,0.765
74,pickles_74.fits,wG5III,III,weak,,,1150,10620,0.678
75,pickles_75.fits,rG5III,III,rich,,,1150,10620,0.638
76,pickles_76.fits,G8III,III,solar,5012,G8III,1150,10620,0.929
77,pickles_77.fits,wG8III,III,weak,,,1150,10620,1.014
78,pickles_78.fits,K0III,III,solar,4853,K0III,1150,10620,0.836
79,pickles_79.fits,wK0III,III,weak,,,1150,10620,0.856
80,pickles_80.fits,rK0III,III,rich,,,1150,10620,1.01
81,pickles_81.fits,K1III,III,solar,,,1150,10620,1.085
82,pickles_82.fits,wK1III,III,weak,,,1150,10620,1.038
83,pickles_83.fits,rK1III,III,rich,,,1150,10620,1.482
84,pickles_84.fits,K2III,III,solar,,,1150,10620,1.227
85,pickles_85.fits,wK2III,III,weak,,,1150,10620,1.544
86,pickles_86.fits,rK2III,III,rich,,,1150,10620,1.233
87,pickles_87.fits,K3III,III,solar,4365,K3III,1150,10620,1.11
88,pickles_88.fits,wK3III,III,weak,,,1150,10620,1.126
89,pickles_89.fits,rK3III,III,rich,,,1150,10620,0.97
90,pickles_90.fits,K4III,III,solar,,,1150,10620,1.162
91,pickles_91.fits,wK4III,III,weak,,,1150,10620,1.39
92,pickles_92.fits,rK4III,III,rich,,,1150,10620,1.162
93,pickles_93.fits,K5III,III,solar,4009,K5III,1150,10620,2.179
94,pickles_94.fits,rK5III,III,rich,,,1150,10620,1.308
95,pickles_95.fits,M0III,III,solar,3819,M0III,1150,10620,2.337
96,pickles_96.fits,M1III,III,solar,,,1150,10620,2.286
97,pickles_97.fits,M2III,III,solar,,,1150,10620,1.804
98,pickles_98.fits,M3III,III,solar,,,1150,10620,2.029
99,pickles_99.fits,M4III,III,solar,,,1150,10620,2.114
100,pickles_100.fits,M5III,III,solar,3420,M5III,1150,10620,1.969
101,pickles_101.fits,M6III,III,solar,,,1150,10620,2.173
102,pickles_102.fits,M7III,III,solar,,,1150,10620,
103,pickles_103.fits,M8III,III,solar,,,1150,10620,0.331
104,pickles_104.fits,M9III,III,solar,,,1150,10620,0.98
105,pickles_105.fits,M10III,III,solar,2500,M10III,1150,10620,0.891
106,pickles_106.fits,B2II,II,solar,15996,B2II,1150,10620,0.099
107,pickles_107.fits,B5II,II,solar,12589,B5II,1150,10620,0.255
108,pickles_108.fits,F0II,II,solar,7943,F0II,1150,10620,1.511
109,pickles_109.fits,F2II,II,solar,7328,F2II,1150,10620,1.2
110,pickles_110.fits,G5II,II,solar,5248,G5II,1150,10620,0.656
111,pickles_111.fits,K01II,II,solar,5012,K0-1II,1150,10620,1.014
112,pickles_112.fits,K34II,II,solar,4256,K3-4II,1150,10620,1.519
113,pickles_113.fits,M3II,II,solar,3412,M3II,1150,10620,2.176
114,pickles_114.fits,B0I,I,solar,26002,B0I,1150,10620,0.073
115,pickles_115.fits,B1I,I,solar,,,1150,10620,0.182
116,pickles_116.fits,B3I,I,solar,,,1150,10620,0.356
117,pickles_117.fits,B5I,I,solar,13397,B5I,1150,10620,0.194
118,pickles_118.fits,B8I,I,solar,11194,B8I,1150,10620,0.38
119,pickles_119.fits,A0I,I,solar,9727,A0I,1150,10620,0.976
120,pickles_120.fits,A2I,I,solar,,,1150,10620,0.816
121,pickles_121.fits,F0I,I,solar,7691,F0I,1150,10620,1.461
122,pickles_122.fits,F5I,I,solar,6637,F5I,1150,10620,1.134
123,pickles_123.fits,F8I,I,solar,6095,F8I,1150,10620,0.981
124,pickles_124.fits,G0I,I,solar,5508,G0I,1150,10620,0.764
125,pickles_125.fits,G2I,I,solar,,,1150,10620,0.929
126,pickles_126.fits,G5I,I,solar,5047,G5I,1150,10620,0.997
127,pickles_127.fits,G8I,I,solar,4592,G8I,1150,10620,1.196
128,pickles_128.fits,K2I,I,solar,4256,K2I,1150,10620,1.071
129,pickles_129.fits,K3I,I,solar,,,1150,10620,1.996
130,pickles_130.fits,K4I,I,solar,3990,K4I,1150,10620,2.24
131,pickles_131.fits,M2I,I,solar,3451,M2I,1150,10620,1.914
