name,teff,e_teff,logg,e_logg,fe_h,e_fe_h,a_fe,vsini,e_vsini,v,eso_starid,spec_url
HD061429,11432.4,3.88026,3.15062,0.00173606,0.044968,0.00299982,-0.0532829,124.543,0.313289,0.387673,61429,http://gal-02.sai.msu.ru/uves-pop/model_spec/fit_res/v221115/HD061429.fits.gz
HD106068,11394.7,15.4093,1.91911,0.00790002,-0.143426,0.00837557,0.859626,35.3434,0.346837,-6.51897,106068,http://gal-02.sai.msu.ru/uves-pop/model_spec/fit_res/v221115/HD106068.fits.gz
HD221507,11326.9,4.37301,3.90865,0.00368625,0.182692,0.00558871,0.161538,26.8815,0.236029,0.64252,221507,http://gal-02.sai.msu.ru/uves-pop/model_spec/fit_res/v221115/HD221507.fits.gz
HD188294,11015.6,3.01453,4.04367,0.00108875,0.0534798,0.00218116,0.130697,181.515,0.395244,-8.22517,188294,http://gal-02.sai.msu.ru/uves-pop/model_spec/fit_res/v221115/HD188294.fits.gz
HD162305,10835.7,3.01509,4.11022,0.00229856,0.591955,0.00411097,-0.286383,86.157,0.35157,-14.3585,162305,http://gal-02.sai.msu.ru/uves-pop/model_spec/fit_res/v221115/HD162305.fits.gz
HD105071,10744.0,13.041,1.80014,0.00706753,-0.0845237,0.00949446,0.934599,38.2591,0.318763,-6.63194,105071,http://gal-02.sai.msu.ru/uves-pop/model_spec/fit_res/v221115/HD105071.fits.gz
HD047116,10632.3,17.8476,3.61146,0.00930963,0.730333,0.00950784,-0.361058,23.1522,0.351862,9.71372,47116,http://gal-02.sai.msu.ru/uves-pop/model_spec/fit_res/v221115/HD047116.fits.gz
HD090882,10622.0,2.73193,3.95107,0.00142237,-1.40129,0.00545222,0.624658,112.943,0.604214,14.5273,90882,http://gal-02.sai.msu.ru/uves-pop/model_spec/fit_res/v221115/HD090882.fits.gz
HD162630,10493.7,2.33159,3.92421,0.00139553,-0.176871,0.00374031,-0.0561111,45.7443,0.196776,-10.5853,162630,http://gal-02.sai.msu.ru/uves-pop/model_spec/fit_res/v221115/HD162630.fits.gz
HD137509,10451.4,19.599,3.0899,0.00953921,0.969914,0.0158683,-0.0905916,33.1114,0.364012,15.1652,137509,http://gal-02.sai.msu.ru/uves-pop/model_spec/fit_res/v221115/HD137509.fits.gz
HD162576,10416.5,5.68927,3.602,0.00306823,0.364854,0.00413083,-0.0376672,27.3998,0.175555,-12.5792,162576,http://gal-02.sai.msu.ru/uves-pop/model_spec/fit_res/v221115/HD162576.fits.gz
HD162889,10334.2,4.68762,4.41624,0.00239156,-0.6447,0.00990575,-0.122511,77.5456,0.735736,-11.5291,162889,http://gal-02.sai.msu.ru/uves-pop/model_spec/fit_res/v221115/HD162889.fits.gz
HD162780,10325.8,3.63851,3.55325,0.00149025,0.233198,0.00298782,-0.0419023,230.284,0.589927,-6.26427,162780,http://gal-02.sai.msu.ru/uves-pop/model_spec/fit_res/v221115/HD162780.fits.gz
HD162781,10246.4,7.78006,4.27517,0.00278404,0.617446,0.0111365,-0.0390434,150.497,0.924292,-14.0184,162781,http://gal-02.sai.msu.ru/uves-pop/model_spec/fit_res/v221115/HD162781.fits.gz
IC2391-0023,10226.2,4.10779,4.36543,0.00205019,-0.422112,0.00425503,0.0550317,47.5287,0.266884,22.1186,IC2391_23,http://gal-02.sai.msu.ru/uves-pop/model_spec/fit_res/v221115/IC2391-0023.fits.gz
HD162888,10156.0,11.2039,3.54286,0.0013569,-0.42388,0.00364393,0.326733,225.879,0.579287,-12.3138,162888,http://gal-02.sai.msu.ru/uves-pop/model_spec/fit_res/v221115/HD162888.fits.gz
HD162817,10152.7,2.8343,3.66475,0.0020356,0.111373,0.00415787,-0.136393,64.6234,0.285086,-14.5623,162817,http://gal-02.sai.msu.ru/uves-pop/model_spec/fit_res/v221115/HD162817.fits.gz
IC2391-0018,10122.0,11.5417,4.0931,0.00642157,0.971442,0.011737,-0.357847,16.9006,0.273613,16.4716,IC2391_18,http://gal-02.sai.msu.ru/uves-pop/model_spec/fit_res/v221115/IC2391-0018.fits.gz
HD084461,10115.9,5.96521,4.35025,0.00348062,0.833478,0.00409302,-0.27698,42.674,0.211043,4.84631,84461,http://gal-02.sai.msu.ru/uves-pop/model_spec/fit_res/v221115/HD084461.fits.gz
HD162393,9954.52,2230.19,4.05393,0.00203443,-0.550275,0.0126857,-0.0291342,141.87,0.687707,-9.94065,162393,http://gal-02.sai.msu.ru/uves-pop/model_spec/fit_res/v221115/HD162393.fits.gz
HD062623,9921.22,14.7466,1.48018,0.00279902,0.0360355,0.00579709,0.389102,22.6562,0.366624,27.1258,62623,http://gal-02.sai.msu.ru/uves-pop/model_spec/fit_res/v221115/HD062623.fits.gz
HD162678,9908.41,6.58752,3.5296,0.00211689,0.0284963,0.00410997,-0.0280713,36.833,0.183371,-5.36152,162678,http://gal-02.sai.msu.ru/uves-pop/model_spec/fit_res/v221115/HD162678.fits.gz
HD100841,9850.0,3.2246,3.01494,0.00135747,0.244374,0.0024623,-0.0296973,178.184,0.337148,-3.10661,100841,http://gal-02.sai.msu.ru/uves-pop/model_spec/fit_res/v221115/HD100841.fits.gz
IC2391-0029,9830.83,5.2637,4.19456,0.00326623,-1.07192,0.00909771,0.376065,101.983,0.78212,17.1917,IC2391_29,http://gal-02.sai.msu.ru/uves-pop/model_spec/fit_res/v221115/IC2391-0029.fits.gz
HD102878,9738.55,12.2954,1.47221,0.00248597,0.189044,0.034442,-0.255107,3.23859,1.70849,-9.14965,102878,http://gal-02.sai.msu.ru/uves-pop/model_spec/fit_res/v221115/HD102878.fits.gz
HD066698,9735.17,8.77124,3.15375,0.00435148,0.579833,0.00788604,-0.180196,48.4622,0.319498,24.203,66698,http://gal-02.sai.msu.ru/uves-pop/model_spec/fit_res/v221115/HD066698.fits.gz
HD094660,9617.62,13.6264,3.04135,0.0120317,0.987148,0.0448089,-0.114354,0.382913,0.0,17.4909,94660,http://gal-02.sai.msu.ru/uves-pop/model_spec/fit_res/v221115/HD094660.fits.gz
IC2391-0002,9569.8,3.20803,4.09689,0.00167029,-0.587114,0.00290684,-0.121159,106.507,0.438938,19.3086,IC2391_2,http://gal-02.sai.msu.ru/uves-pop/model_spec/fit_res/v221115/IC2391-0002.fits.gz
HD125248,9494.15,11.7159,3.93812,0.00741346,0.960729,0.0129021,-0.260816,9.1651,0.319146,-12.9509,125248,http://gal-02.sai.msu.ru/uves-pop/model_spec/fit_res/v221115/HD125248.fits.gz
HD021423,9401.9,4.92519,4.29472,0.00312175,-0.54788,0.00754471,0.00804121,102.41,0.580455,19.0072,21423,http://gal-02.sai.msu.ru/uves-pop/model_spec/fit_res/v221115/HD021423.fits.gz
IC2391-0047,9388.84,3.94316,4.31307,0.00297388,-0.732843,0.00671428,0.00790185,135.269,0.719559,28.626,IC2391_47,http://gal-02.sai.msu.ru/uves-pop/model_spec/fit_res/v221115/IC2391-0047.fits.gz
HD047306,9361.26,2.85812,2.45417,0.00133705,-0.339837,0.00575388,-0.361711,38.3133,0.148179,21.352,47306,http://gal-02.sai.msu.ru/uves-pop/model_spec/fit_res/v221115/HD047306.fits.gz
HD162725,9309.93,6.10949,3.05306,0.00402713,0.401382,0.00588943,-0.210548,28.1037,0.199501,-14.3926,162725,http://gal-02.sai.msu.ru/uves-pop/model_spec/fit_res/v221115/HD162725.fits.gz
HD160529,9296.78,16.0766,1.28918,0.0075381,0.113065,0.0224417,0.619376,28.5694,0.725586,-32.0602,160529,http://gal-02.sai.msu.ru/uves-pop/model_spec/fit_res/v221115/HD160529.fits.gz
HD162679,9232.2,4.00342,3.0468,0.00211173,-0.46385,0.004134,-0.00966746,34.1619,0.161422,-17.5565,162679,http://gal-02.sai.msu.ru/uves-pop/model_spec/fit_res/v221115/HD162679.fits.gz
HD032667,9198.46,4.28277,4.10137,0.00353171,0.185347,0.0055873,-0.0941269,117.17,0.564436,27.7725,32667,http://gal-02.sai.msu.ru/uves-pop/model_spec/fit_res/v221115/HD032667.fits.gz
HD142983,9134.56,22.6335,1.3217,0.00870331,-0.741175,0.0168106,-0.280921,5.70948,1.16491,-25.009,142983,http://gal-02.sai.msu.ru/uves-pop/model_spec/fit_res/v221115/HD142983.fits.gz
HD075063,9130.07,4.25479,2.4923,0.00321262,-0.0244527,0.00460227,-0.0012439,21.7697,0.137625,23.5465,75063,http://gal-02.sai.msu.ru/uves-pop/model_spec/fit_res/v221115/HD075063.fits.gz
HD162144,9084.81,9.72094,3.64704,0.00338649,-0.421455,0.00498571,0.479963,159.003,0.829976,-8.58361,162144,http://gal-02.sai.msu.ru/uves-pop/model_spec/fit_res/v221115/HD162144.fits.gz
HD162680,9062.21,3.14172,3.95587,0.00297377,0.254191,0.00501653,-0.195855,99.3572,0.434576,-8.84633,162680,http://gal-02.sai.msu.ru/uves-pop/model_spec/fit_res/v221115/HD162680.fits.gz
Castor,9030.92,3.54068,3.93854,0.00395132,0.192115,0.00448403,-0.218286,18.4287,0.148907,-11.2251,Castor,http://gal-02.sai.msu.ru/uves-pop/model_spec/fit_res/v221115/Castor.fits.gz
HD162187,8979.63,8.52009,4.17734,0.00537532,0.33182,0.00567158,-0.0303022,183.62,0.83374,-14.9081,162187,http://gal-02.sai.msu.ru/uves-pop/model_spec/fit_res/v221115/HD162187.fits.gz
HD141003,8929.79,6.19608,3.45223,0.0029369,-0.0270088,0.00795008,-0.0277197,201.192,0.620056,-1.96478,141003,http://gal-02.sai.msu.ru/uves-pop/model_spec/fit_res/v221115/HD141003.fits.gz
HD048915,8829.42,3.42347,4.08315,0.00611971,0.0454379,0.0118001,-0.171886,14.4093,0.22994,-5.40629,48915,http://gal-02.sai.msu.ru/uves-pop/model_spec/fit_res/v221115/HD048915.fits.gz
HD162631,8818.5,4.55807,3.45463,0.00205749,-0.641191,0.0053687,-0.043439,152.543,0.535864,-12.2543,162631,http://gal-02.sai.msu.ru/uves-pop/model_spec/fit_res/v221115/HD162631.fits.gz
HD320764,8773.5,2.4029,4.07996,0.00646107,0.0352395,0.00881609,-0.156472,222.732,0.757103,-17.7155,320764,http://gal-02.sai.msu.ru/uves-pop/model_spec/fit_res/v221115/HD320764.fits.gz
IC2391-0041,8766.79,3.25816,4.0464,0.00287868,-0.112251,0.0122149,-0.244223,168.612,0.685757,11.4279,IC2391_41,http://gal-02.sai.msu.ru/uves-pop/model_spec/fit_res/v221115/IC2391-0041.fits.gz
HD126515,8710.3,12.6093,3.41946,0.0125786,0.96746,0.0180961,-0.0490034,13.4473,0.351724,15.6088,126515,http://gal-02.sai.msu.ru/uves-pop/model_spec/fit_res/v221115/HD126515.fits.gz
HD118022,8691.09,10.634,3.06515,0.0127607,0.977265,0.0189987,-0.37154,4.28683,0.645986,-7.77459,118022,http://gal-02.sai.msu.ru/uves-pop/model_spec/fit_res/v221115/HD118022.fits.gz
IC2391-0042,8681.64,2.77734,3.92059,0.00195672,-0.693475,0.00496873,-0.156722,153.131,0.507799,23.6014,IC2391_42,http://gal-02.sai.msu.ru/uves-pop/model_spec/fit_res/v221115/IC2391-0042.fits.gz
HD162719,8245.39,4.01967,3.92688,0.00749314,-0.532789,0.0124444,0.551849,186.926,0.737691,14.5642,162719,http://gal-02.sai.msu.ru/uves-pop/model_spec/fit_res/v221115/HD162719.fits.gz
HD145689,8214.0,6.28517,4.23778,0.00689096,0.1168,0.00622484,-0.178859,96.7888,0.413106,-4.93373,145689,http://gal-02.sai.msu.ru/uves-pop/model_spec/fit_res/v221115/HD145689.fits.gz
HD148898,8197.37,12.7022,3.73301,0.0109961,0.187091,0.00821528,0.274369,31.2494,0.256227,4.4411,148898,http://gal-02.sai.msu.ru/uves-pop/model_spec/fit_res/v221115/HD148898.fits.gz
IC2391-0049,8161.83,9.99391,4.09034,0.00643732,-0.0623937,0.00601397,0.263131,115.651,0.493824,33.4169,IC2391_49,http://gal-02.sai.msu.ru/uves-pop/model_spec/fit_res/v221115/IC2391-0049.fits.gz
HD039060,8101.76,7.1105,4.09674,0.00623652,-0.0174186,0.00442068,0.11897,111.25,0.380179,20.3861,39060,http://gal-02.sai.msu.ru/uves-pop/model_spec/fit_res/v221115/HD039060.fits.gz
HD065810,8077.03,4.26454,3.15615,0.00296551,-0.329035,0.0335701,0.0321944,228.759,0.607084,-9.05173,65810,http://gal-02.sai.msu.ru/uves-pop/model_spec/fit_res/v221115/HD065810.fits.gz
HD074180,8049.38,36.537,1.22546,0.00673379,0.52552,0.12846,0.470868,18.2998,0.470068,31.0609,74180,http://gal-02.sai.msu.ru/uves-pop/model_spec/fit_res/v221115/HD074180.fits.gz
IC2391-0033,8029.21,8.09565,4.28198,0.0103724,0.233027,0.00610945,-0.166251,93.677,0.46922,22.2986,IC2391_33,http://gal-02.sai.msu.ru/uves-pop/model_spec/fit_res/v221115/IC2391-0033.fits.gz
IC2391-0040,7899.23,10.0392,4.33971,0.0103629,0.21567,0.00463376,0.141196,84.792,0.35887,-3.12584,IC2391_40,http://gal-02.sai.msu.ru/uves-pop/model_spec/fit_res/v221115/IC2391-0040.fits.gz
HD083368,7873.74,7.21887,4.47409,0.0180318,0.40361,0.00849272,-0.103178,36.7662,0.269275,2.005,83368,http://gal-02.sai.msu.ru/uves-pop/model_spec/fit_res/v221115/HD083368.fits.gz
HD104237,7722.54,5.33093,4.93607,0.0135365,-0.061664,0.00750419,0.331677,12.9414,0.2545,22.555,104237,http://gal-02.sai.msu.ru/uves-pop/model_spec/fit_res/v221115/HD104237.fits.gz
HD163318,7684.83,2.61978,4.1413,0.00832652,-0.337838,0.00504513,0.140944,137.722,0.481139,15.5045,163318,http://gal-02.sai.msu.ru/uves-pop/model_spec/fit_res/v221115/HD163318.fits.gz
HD070574,7626.64,2.93337,3.94962,0.00997985,0.255627,0.00426244,0.287174,105.23,0.407463,28.3485,70574,http://gal-02.sai.msu.ru/uves-pop/model_spec/fit_res/v221115/HD070574.fits.gz
HD320768,7611.0,2.19416,4.45923,0.00693698,-0.0381846,0.00418119,0.0655507,129.909,0.375241,-11.6732,320768,http://gal-02.sai.msu.ru/uves-pop/model_spec/fit_res/v221115/HD320768.fits.gz
HD203875,7581.48,3.21237,4.13549,0.00743799,0.0390732,0.00494231,0.0640153,93.3514,0.350057,-18.3434,203875,http://gal-02.sai.msu.ru/uves-pop/model_spec/fit_res/v221115/HD203875.fits.gz
Altair,7485.44,2.01729,3.71771,0.00687765,-0.0802652,0.00381315,0.0840769,216.596,0.516794,-24.0593,Altair,http://gal-02.sai.msu.ru/uves-pop/model_spec/fit_res/v221115/Altair.fits.gz
HD050241,7451.33,2.28386,3.61383,0.00850943,-0.0596757,0.00465506,0.115868,213.514,0.571168,14.2631,50241,http://gal-02.sai.msu.ru/uves-pop/model_spec/fit_res/v221115/HD050241.fits.gz
IC2391-0043,7448.73,2.4929,4.0369,0.00806863,0.0585261,0.00461848,-0.0746069,77.2795,0.278094,37.0074,IC2391_43,http://gal-02.sai.msu.ru/uves-pop/model_spec/fit_res/v221115/IC2391-0043.fits.gz
HD210111,7445.94,1.84233,3.79815,0.00645304,-1.04575,0.00400618,0.181504,49.3602,0.166469,-3.33634,210111,http://gal-02.sai.msu.ru/uves-pop/model_spec/fit_res/v221115/HD210111.fits.gz
HD111786,7436.17,2.18202,4.03088,0.00817594,-1.69969,0.0123402,0.491496,47.0,0.0,-7.02582,111786,http://gal-02.sai.msu.ru/uves-pop/model_spec/fit_res/v221115/HD111786.fits.gz
IC2391-0011,7430.47,3.46328,3.5495,0.00967757,-0.0318598,0.00481189,-0.0127924,32.9349,0.138887,11.0281,IC2391_11,http://gal-02.sai.msu.ru/uves-pop/model_spec/fit_res/v221115/IC2391-0011.fits.gz
HD034295,7428.02,3.15667,3.66797,0.00897936,0.178904,0.0046837,-0.340115,54.8745,0.203447,20.3933,34295,http://gal-02.sai.msu.ru/uves-pop/model_spec/fit_res/v221115/HD034295.fits.gz
HD090132,7414.74,2.02076,3.95015,0.00526835,-0.0492765,0.00370039,0.154528,215.098,0.515199,7.16741,90132,http://gal-02.sai.msu.ru/uves-pop/model_spec/fit_res/v221115/HD090132.fits.gz
HD074272,7369.68,3.83203,2.03708,0.00995505,-0.457397,0.00597813,0.744807,15.0992,0.143779,14.663,74272,http://gal-02.sai.msu.ru/uves-pop/model_spec/fit_res/v221115/HD074272.fits.gz
HD024712,7357.62,4.04509,4.09484,0.0149615,-0.47401,0.00570606,0.174498,9.73463,0.214665,21.7539,24712,http://gal-02.sai.msu.ru/uves-pop/model_spec/fit_res/v221115/HD024712.fits.gz
HD090772,7319.75,227636.0,0.934713,61.6815,-0.399021,112.463,-0.118545,16.4781,0.527274,2.23506,90772,http://gal-02.sai.msu.ru/uves-pop/model_spec/fit_res/v221115/HD090772.fits.gz
HD142703,7284.62,1.45679,3.84615,0.00670719,-1.76923,0.00616013,0.315385,92.5389,0.347229,22.4879,142703,http://gal-02.sai.msu.ru/uves-pop/model_spec/fit_res/v221115/HD142703.fits.gz
HD145191,7213.18,2.8538,3.84346,0.00793025,-0.0334228,0.00463571,0.137986,97.0845,0.306658,-6.97987,145191,http://gal-02.sai.msu.ru/uves-pop/model_spec/fit_res/v221115/HD145191.fits.gz
HD073634,7198.56,3.7548,2.14704,0.0102254,-0.352956,0.00529673,0.141338,4.2875,0.413876,19.7122,73634,http://gal-02.sai.msu.ru/uves-pop/model_spec/fit_res/v221115/HD073634.fits.gz
IC2391-0019,7183.91,2.92961,3.08321,0.0115128,-0.219391,0.00493617,0.248157,225.546,0.604972,-7.09213,IC2391_19,http://gal-02.sai.msu.ru/uves-pop/model_spec/fit_res/v221115/IC2391-0019.fits.gz
HD012311,7125.7,2.84034,3.46543,0.010442,0.108407,0.0040168,0.322347,145.363,0.438404,18.0196,12311,http://gal-02.sai.msu.ru/uves-pop/model_spec/fit_res/v221115/HD012311.fits.gz
HD007312,7088.59,2.85549,3.38764,0.0097152,-0.0984413,0.00444231,0.378099,95.0205,0.30279,21.8653,7312,http://gal-02.sai.msu.ru/uves-pop/model_spec/fit_res/v221115/HD007312.fits.gz
Canopus,7028.85,34.918,1.11952,0.00965367,-0.272479,0.00624266,-0.149366,0.165011,0.0,20.6278,Canopus,http://gal-02.sai.msu.ru/uves-pop/model_spec/fit_res/v221115/Canopus.fits.gz
