star,xslid,n_epochs,teff,e_teff,logg,e_logg,feh,e_feh,ra,dec,sp_type,otype,dist_pc,ebv_sfd98,ebv_sf11,binary,peculiar,filename,spec_url,comment
HD 164257,X0228,1,10885,296,3.67,0.24,0.73,0.08,270.03046,6.55392,A0,El*,225.9,0.1966,0.169,yes,no,xsl_spectrum_X0228_merged.fits,http://xsl.u-strasbg.fr/data/DR3/xsl_spectrum_X0228_merged.fits.fits,
HD 143459,X0386,1,10689,290,4.01,0.24,-0.19,0.08,240.19846,-8.41133,A0V,HB*,142.2,0.2021,0.1738,no,yes,xsl_spectrum_X0386_merged.fits,http://xsl.u-strasbg.fr/data/DR3/xsl_spectrum_X0386_merged.fits.fits,
HD 194453,X0196,2,10489,284,3.8,0.24,-0.02,0.08,306.35596,6.64181,A0III,*,196.8,0.1042,0.0896,no,no,xsl_spectrum_X0196_merged.fits,http://xsl.u-strasbg.fr/data/DR3/xsl_spectrum_X0196_merged.fits.fits,K-band continuum wavy
HD 167946,X0460,1,10079,277,4.09,0.24,-0.47,0.1,274.30987,5.75358,A0,*,183.6,0.2329,0.2003,no,no,xsl_spectrum_X0460_merged.fits,http://xsl.u-strasbg.fr/data/DR3/xsl_spectrum_X0460_merged.fits.fits,
HD 147550,X0245,1,10044,273,3.82,0.24,-0.26,0.1,245.66208,-2.07986,B9V,*,140.8,0.1521,0.1308,no,no,xsl_spectrum_X0245_merged.fits,http://xsl.u-strasbg.fr/data/DR3/xsl_spectrum_X0245_merged.fits.fits,
HD 74721,X0874,1,9571,196,4.22,0.21,-0.57,0.09,131.49692,13.26347,A0V,HB*,376.0,0.032,0.0275,no,yes,xsl_spectrum_X0874_merged.fits,http://xsl.u-strasbg.fr/data/DR3/xsl_spectrum_X0874_merged.fits.fits,
HD 72968,X0327,1,9569,190,3.67,0.21,0.44,0.07,128.8675,-7.98228,A1VpSrCr,a2*,103.9,0.0375,0.0323,no,yes,xsl_spectrum_X0327_merged.fits,http://xsl.u-strasbg.fr/data/DR3/xsl_spectrum_X0327_merged.fits.fits,
HD 207222,X0730,3,9489,191,4.57,0.21,-0.36,0.09,326.73442,21.29742,A0,*,253.9,0.1027,0.0883,no,no,xsl_spectrum_X0730_merged.fits,http://xsl.u-strasbg.fr/data/DR3/xsl_spectrum_X0730_merged.fits.fits,
HD 164967,X0468,1,9351,187,4.52,0.21,-0.29,0.09,270.83771,8.41933,A0,*,177.3,0.2012,0.173,no,no,xsl_spectrum_X0468_merged.fits,http://xsl.u-strasbg.fr/data/DR3/xsl_spectrum_X0468_merged.fits.fits,
HD 174240,X0163,1,9262,189,3.65,0.21,-0.4,0.09,282.40496,0.83619,A1IV,*,173.1,5.8173,5.0029,no,no,xsl_spectrum_X0163_merged.fits,http://xsl.u-strasbg.fr/data/DR3/xsl_spectrum_X0163_merged.fits.fits,
HD 175892,X0666,1,9014,180,4.48,0.21,-0.2,0.09,284.60346,-22.52947,A1V,*,87.3,0.1901,0.1635,no,no,xsl_spectrum_X0666_merged.fits,http://xsl.u-strasbg.fr/data/DR3/xsl_spectrum_X0666_merged.fits.fits,
HD 166991,X0450,1,9008,179,4.49,0.21,-0.2,0.09,273.26596,2.98056,A1V,*,110.0,0.3225,0.2774,no,no,xsl_spectrum_X0450_merged.fits,http://xsl.u-strasbg.fr/data/DR3/xsl_spectrum_X0450_merged.fits.fits,Artifacts in K-band (NIR arm)
HD 130095,X0370,1,8882,254,3.22,0.21,-1.68,0.1,221.71338,-27.24831,B9V,PM*,263.2,0.1212,0.1042,no,no,xsl_spectrum_X0370_merged.fits,http://xsl.u-strasbg.fr/data/DR3/xsl_spectrum_X0370_merged.fits.fits,
HD 117880,X0626,1,8843,252,3.23,0.21,-1.65,0.1,203.37421,-18.51506,B9IV/V,PM*,370.7,0.0897,0.0772,no,no,xsl_spectrum_X0626_merged.fits,http://xsl.u-strasbg.fr/data/DR3/xsl_spectrum_X0626_merged.fits.fits,
HD 173669,X0656,1,8841,176,4.06,0.21,-0.23,0.09,281.58183,5.15311,A0,*,281.9,1.2447,1.0704,no,no,xsl_spectrum_X0656_merged.fits,http://xsl.u-strasbg.fr/data/DR3/xsl_spectrum_X0656_merged.fits.fits,
HD 128801,X0243,1,8774,161,2.84,0.21,-1.92,0.1,219.70038,7.91119,B9,HB*,317.4,0.0272,0.0234,no,yes,xsl_spectrum_X0243_merged.fits,http://xsl.u-strasbg.fr/data/DR3/xsl_spectrum_X0243_merged.fits.fits,
HD 106304,X0614,1,8759,250,3.16,0.21,-1.67,0.1,183.47317,-40.8735,B9V,PM*,376.5,0.1011,0.087,no,no,xsl_spectrum_X0614_merged.fits,http://xsl.u-strasbg.fr/data/DR3/xsl_spectrum_X0614_merged.fits.fits,
HD 172522,X0655,1,8752,175,3.31,0.21,0.06,0.07,280.09421,8.86844,A2III,*,779.9,0.4321,0.3716,no,no,xsl_spectrum_X0655_merged.fits,http://xsl.u-strasbg.fr/data/DR3/xsl_spectrum_X0655_merged.fits.fits,
HD 28978,X0074,1,8708,173,3.36,0.21,-0.33,0.09,68.53446,5.56861,A2IV,*,135.3,0.2904,0.2497,no,no,xsl_spectrum_X0074_merged.fits,http://xsl.u-strasbg.fr/data/DR3/xsl_spectrum_X0074_merged.fits.fits,
HD 42143,X0834,1,8681,172,3.36,0.21,-0.15,0.07,92.34708,6.2755,A0,*,340.2,0.3421,0.2942,no,no,xsl_spectrum_X0834_merged.fits,http://xsl.u-strasbg.fr/data/DR3/xsl_spectrum_X0834_merged.fits.fits,Bad telluric correction (O2 ) in A-band (VIS arm)
HD 193281,X0194,2,8634,172,4.13,0.21,-0.36,0.09,305.11617,-29.19719,A2IV-V,*,163.1,0.095,0.0817,no,no,xsl_spectrum_X0194_merged_scl.fits,http://xsl.u-strasbg.fr/data/DR3/xsl_spectrum_X0194_merged_scl.fits.fits,
HD 161370,X0465,1,8568,170,4.39,0.21,-0.03,0.07,266.25367,5.52289,A0,*,329.7,0.1928,0.1658,no,no,xsl_spectrum_X0465_merged.fits,http://xsl.u-strasbg.fr/data/DR3/xsl_spectrum_X0465_merged.fits.fits,
HD 204041,X0178,2,8470,168,4.38,0.21,-0.42,0.09,321.46492,0.53433,A1Vb,PM*,71.5,0.0503,0.0433,no,no,xsl_spectrum_X0178_merged.fits,http://xsl.u-strasbg.fr/data/DR3/xsl_spectrum_X0178_merged.fits.fits,
HD 173073,X0657,1,8400,167,3.45,0.21,-0.26,0.09,280.86012,3.78569,A2/3IV/V,*,232.0,1.2603,1.0839,no,no,xsl_spectrum_X0657_merged.fits,http://xsl.u-strasbg.fr/data/DR3/xsl_spectrum_X0657_merged.fits.fits,
HD 109307,X0894,1,8361,166,3.35,0.21,0.0,0.07,188.39258,24.28297,A4Vm,*,85.3,0.0184,0.0158,no,yes,xsl_spectrum_X0894_merged.fits,http://xsl.u-strasbg.fr/data/DR3/xsl_spectrum_X0894_merged.fits.fits,
HD 116114,X0371,1,8358,166,4.25,0.21,0.81,0.07,200.44296,-18.74208,F0VpSrCrEu,PM*,139.0,0.085,0.0731,no,yes,xsl_spectrum_X0371_merged.fits,http://xsl.u-strasbg.fr/data/DR3/xsl_spectrum_X0371_merged.fits.fits,
HD 169032,X0461,1,8301,166,3.48,0.22,-0.04,0.07,275.61254,7.22628,A2,*,380.1,0.2839,0.2442,no,no,xsl_spectrum_X0461_merged.fits,http://xsl.u-strasbg.fr/data/DR3/xsl_spectrum_X0461_merged.fits.fits,
HD 165887,X0469,1,8297,165,3.62,0.21,-0.04,0.07,272.03017,2.21867,A2/3V,**,117.7,0.2608,0.2243,yes,no,xsl_spectrum_X0469_merged.fits,http://xsl.u-strasbg.fr/data/DR3/xsl_spectrum_X0469_merged.fits.fits,
HD 166283,X0459,1,8296,165,3.94,0.21,0.04,0.07,272.43662,4.60311,A1V,*,145.9,0.1832,0.1575,no,no,xsl_spectrum_X0459_merged.fits,http://xsl.u-strasbg.fr/data/DR3/xsl_spectrum_X0459_merged.fits.fits,
HD 18769,X0073,1,8248,163,3.42,0.21,0.25,0.07,45.47558,26.46233,kA2hA6mA7,*,68.2,0.2158,0.1856,no,yes,xsl_spectrum_X0073_merged.fits,http://xsl.u-strasbg.fr/data/DR3/xsl_spectrum_X0073_merged.fits.fits,
HD 93329,X0885,1,8236,235,3.31,0.21,-1.32,0.1,161.65267,11.18411,A0,HB*,435.0,0.029,0.025,no,yes,xsl_spectrum_X0885_merged.fits,http://xsl.u-strasbg.fr/data/DR3/xsl_spectrum_X0885_merged.fits.fits,
HD 105262,X0599,1,8225,151,1.4,0.21,-1.94,0.1,181.79513,12.98544,B9,pA*,1674.5,0.0298,0.0256,no,no,xsl_spectrum_X0599_merged_ncge.fits,http://xsl.u-strasbg.fr/data/DR3/xsl_spectrum_X0599_merged_ncge.fits.fits,
HD 201377,X0433,1,8208,163,3.85,0.21,0.03,0.07,317.31671,-0.23492,A3III/IV,PM*,100.1,0.1212,0.1042,no,no,xsl_spectrum_X0433_merged.fits,http://xsl.u-strasbg.fr/data/DR3/xsl_spectrum_X0433_merged.fits.fits,
HD 195729,X0695,1,8143,161,3.6,0.21,0.08,0.07,308.23704,2.42747,A5IV,*,187.8,0.1287,0.1107,no,no,xsl_spectrum_X0695_merged.fits,http://xsl.u-strasbg.fr/data/DR3/xsl_spectrum_X0695_merged.fits.fits,
HD 23924,X0794,1,8079,160,3.91,0.21,0.31,0.07,57.4205,23.34156,A5VkA7mA7,*,136.7,0.1486,0.1278,no,yes,xsl_spectrum_X0794_merged.fits,http://xsl.u-strasbg.fr/data/DR3/xsl_spectrum_X0794_merged.fits.fits,
HD 140232,X0633,1,8077,160,3.93,0.21,0.42,0.07,235.478,18.46403,A8Vam,**,53.4,0.0395,0.034,yes,no,xsl_spectrum_X0633_merged.fits,http://xsl.u-strasbg.fr/data/DR3/xsl_spectrum_X0633_merged.fits.fits,
HD 171234,X0648,1,8070,160,3.95,0.21,0.06,0.07,278.38225,1.90356,A5IV,dS*,162.0,1.4768,1.27,no,no,xsl_spectrum_X0648_merged.fits,http://xsl.u-strasbg.fr/data/DR3/xsl_spectrum_X0648_merged.fits.fits,
HD 190073,X0214,2,8065,151,2.85,0.22,-1.81,0.11,300.76046,5.73794,A2IVe,Ae*,847.9,0.1184,0.1018,no,no,xsl_spectrum_X0214_merged.fits,http://xsl.u-strasbg.fr/data/DR3/xsl_spectrum_X0214_merged.fits.fits,"Herbig Ae/Be star, numerous emission lines, continuum contribution from cool component in the NIR arm; K-band continuum wavy (prefer X0248)"
HD 173369,X0472,1,8052,160,3.46,0.21,0.36,0.07,281.15575,7.97761,A2,*,168.9,1.1659,1.0027,no,no,xsl_spectrum_X0472_merged.fits,http://xsl.u-strasbg.fr/data/DR3/xsl_spectrum_X0472_merged.fits.fits,
HD 38237,X0285,1,8042,160,3.81,0.21,0.03,0.07,86.12746,4.33917,A5IV,*,122.2,0.3894,0.3349,no,no,xsl_spectrum_X0285_merged.fits,http://xsl.u-strasbg.fr/data/DR3/xsl_spectrum_X0285_merged.fits.fits,
CD-24 15398,X0421,1,8000,148,2.84,0.21,-1.32,0.1,293.08658,-23.85353,F0,RR*,727.9,0.0969,0.0833,no,no,xsl_spectrum_X0421_merged.fits,http://xsl.u-strasbg.fr/data/DR3/xsl_spectrum_X0421_merged.fits.fits,
HD 174866,X0645,1,7971,158,3.93,0.21,0.04,0.07,283.25754,-9.5755,A4V,**,92.1,0.3964,0.3409,yes,no,xsl_spectrum_X0645_merged.fits,http://xsl.u-strasbg.fr/data/DR3/xsl_spectrum_X0645_merged.fits.fits,
HD 205734,X0727,3,7947,158,3.68,0.21,-0.02,0.07,324.30871,5.85139,F0,*,255.0,0.0504,0.0434,no,no,xsl_spectrum_X0727_merged.fits,http://xsl.u-strasbg.fr/data/DR3/xsl_spectrum_X0727_merged.fits.fits,
HD 43021,X0535,1,7935,157,4.2,0.21,-0.71,0.09,93.54342,2.57461,A2III,*,167.4,0.5274,0.4536,no,no,xsl_spectrum_X0535_merged.fits,http://xsl.u-strasbg.fr/data/DR3/xsl_spectrum_X0535_merged.fits.fits,
HD 65372,X0848,1,7931,102,2.61,0.21,-0.19,0.07,119.62637,2.93583,A3III,*,233.3,0.03,0.0258,no,no,xsl_spectrum_X0848_merged.fits,http://xsl.u-strasbg.fr/data/DR3/xsl_spectrum_X0848_merged.fits.fits,
HD 175058,X0646,1,7862,156,3.01,0.21,-0.27,0.09,283.48312,-9.37031,A5IV,*,514.0,0.4389,0.3775,no,no,xsl_spectrum_X0646_merged.fits,http://xsl.u-strasbg.fr/data/DR3/xsl_spectrum_X0646_merged.fits.fits,
HD 2857,X0024,1,7844,149,2.45,0.22,-1.4,0.11,7.97412,-5.26189,A2IV,HB*,715.9,0.0395,0.0339,no,yes,xsl_spectrum_X0024_merged.fits,http://xsl.u-strasbg.fr/data/DR3/xsl_spectrum_X0024_merged.fits.fits,
HD 16456,X0782,1,7830,144,2.38,0.21,-1.47,0.1,39.274,-42.96333,A2/3(IIw),RR*,464.6,0.0214,0.0184,no,no,xsl_spectrum_X0782_merged.fits,http://xsl.u-strasbg.fr/data/DR3/xsl_spectrum_X0782_merged.fits.fits,
HD 64630,X0847,1,7799,155,3.82,0.21,0.16,0.07,118.783,6.99597,F0,Pu*,207.3,0.0197,0.017,no,no,xsl_spectrum_X0847_merged.fits,http://xsl.u-strasbg.fr/data/DR3/xsl_spectrum_X0847_merged.fits.fits,
HD 161817,X0639,1,7779,143,2.43,0.21,-1.31,0.1,266.66929,25.74914,sdA2,HB*,190.4,0.0929,0.0799,no,yes,xsl_spectrum_X0639_merged.fits,http://xsl.u-strasbg.fr/data/DR3/xsl_spectrum_X0639_merged.fits.fits,
HD 71310,X0856,2,7725,154,3.48,0.22,-0.2,0.09,126.75012,7.22111,A2,*,210.4,0.0348,0.0299,no,no,xsl_spectrum_X0856_merged.fits,http://xsl.u-strasbg.fr/data/DR3/xsl_spectrum_X0856_merged.fits.fits,
HD 174966,X0164,3,7699,153,3.91,0.21,0.1,0.07,283.28262,1.75544,A7III/IV,dS*,131.1,12.3488,10.6199,no,no,xsl_spectrum_X0164_merged.fits,http://xsl.u-strasbg.fr/data/DR3/xsl_spectrum_X0164_merged.fits.fits,
HD 126661,X0617,1,7617,151,3.38,0.21,0.38,0.07,216.61404,19.22689,kA7hA8mF2(III)((Sr)),PM*,95.8,0.0287,0.0247,no,yes,xsl_spectrum_X0617_merged.fits,http://xsl.u-strasbg.fr/data/DR3/xsl_spectrum_X0617_merged.fits.fits,
HD 172230,X0161,1,7610,151,3.44,0.21,0.56,0.07,279.72896,6.27078,kA5hA8mF2,*,192.6,0.7584,0.6522,no,yes,xsl_spectrum_X0161_merged.fits,http://xsl.u-strasbg.fr/data/DR3/xsl_spectrum_X0161_merged.fits.fits,
HD 111786,X0895,1,7595,216,4.28,0.21,-1.01,0.1,192.99125,-26.73828,F0VkA1mA1_lB,dS*,62.1,0.0782,0.0673,no,yes,xsl_spectrum_X0895_merged.fits,http://xsl.u-strasbg.fr/data/DR3/xsl_spectrum_X0895_merged.fits.fits,
HD 3883,X0747,1,7567,150,3.54,0.21,0.65,0.07,10.40017,24.629,kA5hF1mF2,**,120.2,0.0309,0.0266,yes,yes,xsl_spectrum_X0747_merged.fits,http://xsl.u-strasbg.fr/data/DR3/xsl_spectrum_X0747_merged.fits.fits,
CL* NGC 330 ROB B38,X0757,1,7515,96,1.51,0.21,-0.89,0.09,14.09408,-72.47661,A5I,sg*,,0.3885,0.3341,no,no,xsl_spectrum_X0757_merged.fits,http://xsl.u-strasbg.fr/data/DR3/xsl_spectrum_X0757_merged.fits.fits,
HD 271182,X0542,1,7379,151,0.67,0.29,0.81,0.14,80.25713,-65.80067,F8_0,s*y,63694.3,0.1306,0.1123,no,no,xsl_spectrum_X0542_merged.fits,http://xsl.u-strasbg.fr/data/DR3/xsl_spectrum_X0542_merged.fits.fits,
HD 29391,X0082,3,7360,146,4.07,0.21,0.07,0.07,69.40054,-2.47353,F0IV,PM*,29.9,0.0492,0.0423,no,no,xsl_spectrum_X0082_merged_scl.fits,http://xsl.u-strasbg.fr/data/DR3/xsl_spectrum_X0082_merged_scl.fits.fits,
HD 193225,X0483,1,7318,145,4.0,0.21,0.09,0.07,304.75292,2.23339,F0V,*,87.0,0.1895,0.163,no,no,xsl_spectrum_X0483_merged.fits,http://xsl.u-strasbg.fr/data/DR3/xsl_spectrum_X0483_merged.fits.fits,
HD 205555,X0485,1,7257,144,3.7,0.21,0.22,0.07,323.99542,6.07394,F0,Pu*,263.3,0.0494,0.0424,no,no,xsl_spectrum_X0485_merged.fits,http://xsl.u-strasbg.fr/data/DR3/xsl_spectrum_X0485_merged.fits.fits,
HD 196125,X0673,1,7246,143,3.89,0.21,0.02,0.07,308.86225,-2.05153,F0V,*,137.9,0.124,0.1066,no,no,xsl_spectrum_X0673_merged.fits,http://xsl.u-strasbg.fr/data/DR3/xsl_spectrum_X0673_merged.fits.fits,
HD 161227,X0674,1,7238,143,3.77,0.21,0.44,0.07,266.24687,-16.76294,Fm_dD,**,204.9,0.7117,0.612,yes,yes,xsl_spectrum_X0674_merged.fits,http://xsl.u-strasbg.fr/data/DR3/xsl_spectrum_X0674_merged.fits.fits,
HD 179821,X0208,2,7231,149,0.42,0.29,0.44,0.14,288.49421,0.12553,G4_0-Ia,pA*,5282.6,1.3652,1.1741,no,no,xsl_spectrum_X0208_merged_ncge.fits,http://xsl.u-strasbg.fr/data/DR3/xsl_spectrum_X0208_merged_ncge.fits.fits,K-band continuum wavy
HD 45196,X0358,1,7229,143,3.66,0.21,0.16,0.07,96.49571,-1.81353,A9V,*,329.3,0.5971,0.5135,no,no,xsl_spectrum_X0358_merged.fits,http://xsl.u-strasbg.fr/data/DR3/xsl_spectrum_X0358_merged.fits.fits,
HD 142703,X0691,1,7219,206,4.24,0.21,-1.16,0.1,239.13904,-14.82942,F1VskA1.5mA1.5_lB,dS*,50.0,0.1616,0.1389,no,yes,xsl_spectrum_X0691_merged.fits,http://xsl.u-strasbg.fr/data/DR3/xsl_spectrum_X0691_merged.fits.fits,
HD 49739,X0838,1,7216,143,3.95,0.21,-0.12,0.07,102.55137,5.6735,A5,*,88.0,0.6089,0.5237,no,no,xsl_spectrum_X0838_merged.fits,http://xsl.u-strasbg.fr/data/DR3/xsl_spectrum_X0838_merged.fits.fits,
HD 180086,X0475,1,7123,141,3.83,0.21,0.1,0.07,288.84287,-6.04975,F0V,*,103.8,0.4593,0.395,no,no,xsl_spectrum_X0475_merged.fits,http://xsl.u-strasbg.fr/data/DR3/xsl_spectrum_X0475_merged.fits.fits,
HD 172506,X0654,1,7096,140,4.02,0.21,-0.02,0.07,280.13042,2.68444,F0V,*,123.3,1.513,1.3012,no,no,xsl_spectrum_X0654_merged.fits,http://xsl.u-strasbg.fr/data/DR3/xsl_spectrum_X0654_merged.fits.fits,
HD 38145,X0831,1,7055,140,4.02,0.21,0.0,0.07,85.92596,4.00425,F0V,*,131.0,0.4108,0.3533,no,no,xsl_spectrum_X0831_merged.fits,http://xsl.u-strasbg.fr/data/DR3/xsl_spectrum_X0831_merged.fits.fits,
HD 163346,X0269,1,7049,140,4.16,0.21,0.15,0.07,268.90629,2.07492,A2IV+G/K,**,235.1,0.2634,0.2265,yes,no,xsl_spectrum_X0269_merged.fits,http://xsl.u-strasbg.fr/data/DR3/xsl_spectrum_X0269_merged.fits.fits,"A few artificial waves in the VIS arm, as for X0144"
HD 185094,X0668,1,7023,139,4.13,0.21,0.09,0.07,294.43217,-5.06178,F2V,*,78.3,0.2892,0.2487,no,no,xsl_spectrum_X0668_merged.fits,http://xsl.u-strasbg.fr/data/DR3/xsl_spectrum_X0668_merged.fits.fits,
HD 99329,X0596,1,7018,139,4.04,0.21,0.18,0.07,171.45858,3.86006,F2IVnn,gD*,61.7,0.0425,0.0366,no,no,xsl_spectrum_X0596_merged.fits,http://xsl.u-strasbg.fr/data/DR3/xsl_spectrum_X0596_merged.fits.fits,
HD 183085,X0476,1,7004,139,3.85,0.21,-0.09,0.07,291.92121,4.70969,F2V,*,176.5,0.4097,0.3524,no,no,xsl_spectrum_X0476_merged.fits,http://xsl.u-strasbg.fr/data/DR3/xsl_spectrum_X0476_merged.fits.fits,
